
##############################################################################
#  SpMV full sweep   Sat Sep 19 18:56:18 EDT 2026
#  host=c2  cores=16  timeout=600s/run
#  matrices : ecology2 atmosmodd lp_wood1p heart1
#  threads  : 1 2 4 8 16
#  schedules: static dynamic,16 dynamic,64 dynamic,256 guided
#  partition: row nnz   (nnz runs once per thread count; schedule ignored)
#  total runs: 248
##############################################################################


==============================================================================
 Computing predict-step statistics from the .mtx files ...
==============================================================================
==============================================================================
 PREDICT STEP: row-length statistics, format footprint, modelled imbalance
 (computed directly from the .mtx files; symmetric files are expanded;
  4-byte values + 4-byte indices;  imbalance model uses T=8 threads)
==============================================================================
matrix             m         n        nnz     avg      K    K/avg    CSR_bytes    ELL_bytes  ELL/CSR     pad%    rowImb    nnzImb  predict
ecology2      999999    999999    4995991    5.00      5     1.00     43967928     39999960     0.91     0.1%     1.000     1.000  ELL
atmosmodd    1270432   1270432    8814880    6.94      7     1.01     75600772     71144192     0.94     0.9%     1.005     1.000  ELL
lp_wood1p        244      2595      70216  287.77   2592     9.01       562708      5059584     8.99    88.9%     2.220     1.051  CSR
heart1          3557      3557    1387773  390.15   1120     2.87     11116416     31870720     2.87    65.2%     1.230     1.002  CSR

 rowImb = max/avg nnz per thread under schedule(static), row-based split (1.00 = perfect)
 nnzImb = same under an nnz-balanced contiguous split (model)
 predict: ELL if K/avg <= 1.5 else CSR (simple heuristic -- justify/refine in the report)




##############################################################################
#  MATRIX: ecology2
#  m=999999  nnz=4995991  avg=5.00  K(max)=5  K/avg=1.00  ELL/CSR=0.91  padding=0.1%  -> predicted winner: ELL
##############################################################################


==============================================================================
 [001/248]  ecology2  |  sequential CSR
 $ OMP_NUM_THREADS=1 ./spmv-csr matrices/ecology2.mtx
==============================================================================
Reading sparse matrix from file (matrices/ecology2.mtx): done

file=matrices/ecology2.mtx rows=999999 cols=999999 nonzeros=4995991
storage: COO 59.95 MB, CSR 43.97 MB (CSR/COO = 0.733)
	Performing 800 iterations
	benchmarking CSR-SpMV:   2.2796 ms (  4.38 GFLOP/s  29.8 GB/s)
 -> time=2.2796 ms | 4.38 GFLOP/s | 29.8 GB/s | check=base


==============================================================================
 [002/248]  ecology2  |  sequential ELL
 $ OMP_NUM_THREADS=1 ./spmv-ell matrices/ecology2.mtx
==============================================================================
Reading sparse matrix from file (matrices/ecology2.mtx): done

file=matrices/ecology2.mtx rows=999999 cols=999999 nonzeros=4995991 max_row_len=5
storage: COO 59.95 MB, CSR 43.97 MB, ELL 40.00 MB (ELL/CSR = 0.91)
padding: 4004 of 4999995 slots are explicit zeros (0.1%)
conversion: 5.5174 ms
correctness vs CSR: PASS (relative L2 error 0.000e+00)
	Performing 800 iterations
	benchmarking ELL-SpMV:   1.9186 ms (  5.21 GFLOP/s  33.4 GB/s)
 -> time=1.9186 ms | 5.21 GFLOP/s | 33.4 GB/s | check=PASS


==============================================================================
 [003/248]  ecology2  |  OpenMP CSR | threads=1 | schedule=static | partition=row
 $ OMP_NUM_THREADS=1 ./spmv-omp-csr matrices/ecology2.mtx --threads=1 --schedule=static --partition=row
==============================================================================
Reading sparse matrix from file (matrices/ecology2.mtx): done

file=matrices/ecology2.mtx rows=999999 cols=999999 nonzeros=4995991
threads=1 schedule=static partition=row
storage: CSR 43.97 MB
correctness vs sequential CSR: PASS (relative L2 error 0.000e+00)
	Performing 800 iterations
	benchmarking OpenMP CSR-SpMV:   2.5101 ms (  3.98 GFLOP/s  27.1 GB/s)
 -> time=2.5101 ms | 3.98 GFLOP/s | 27.1 GB/s | check=PASS


==============================================================================
 [004/248]  ecology2  |  OpenMP CSR | threads=1 | schedule=dynamic,16 | partition=row
 $ OMP_NUM_THREADS=1 ./spmv-omp-csr matrices/ecology2.mtx --threads=1 --schedule=dynamic,16 --partition=row
==============================================================================
Reading sparse matrix from file (matrices/ecology2.mtx): done

file=matrices/ecology2.mtx rows=999999 cols=999999 nonzeros=4995991
threads=1 schedule=dynamic,16 partition=row
storage: CSR 43.97 MB
correctness vs sequential CSR: PASS (relative L2 error 0.000e+00)
	Performing 800 iterations
	benchmarking OpenMP CSR-SpMV:   2.7009 ms (  3.70 GFLOP/s  25.2 GB/s)
 -> time=2.7009 ms | 3.70 GFLOP/s | 25.2 GB/s | check=PASS


==============================================================================
 [005/248]  ecology2  |  OpenMP CSR | threads=1 | schedule=dynamic,64 | partition=row
 $ OMP_NUM_THREADS=1 ./spmv-omp-csr matrices/ecology2.mtx --threads=1 --schedule=dynamic,64 --partition=row
==============================================================================
Reading sparse matrix from file (matrices/ecology2.mtx): done

file=matrices/ecology2.mtx rows=999999 cols=999999 nonzeros=4995991
threads=1 schedule=dynamic,64 partition=row
storage: CSR 43.97 MB
correctness vs sequential CSR: PASS (relative L2 error 0.000e+00)
	Performing 800 iterations
	benchmarking OpenMP CSR-SpMV:   2.6541 ms (  3.76 GFLOP/s  25.6 GB/s)
 -> time=2.6541 ms | 3.76 GFLOP/s | 25.6 GB/s | check=PASS


==============================================================================
 [006/248]  ecology2  |  OpenMP CSR | threads=1 | schedule=dynamic,256 | partition=row
 $ OMP_NUM_THREADS=1 ./spmv-omp-csr matrices/ecology2.mtx --threads=1 --schedule=dynamic,256 --partition=row
==============================================================================
Reading sparse matrix from file (matrices/ecology2.mtx): done

file=matrices/ecology2.mtx rows=999999 cols=999999 nonzeros=4995991
threads=1 schedule=dynamic,256 partition=row
storage: CSR 43.97 MB
correctness vs sequential CSR: PASS (relative L2 error 0.000e+00)
	Performing 800 iterations
	benchmarking OpenMP CSR-SpMV:   2.5931 ms (  3.85 GFLOP/s  26.2 GB/s)
 -> time=2.5931 ms | 3.85 GFLOP/s | 26.2 GB/s | check=PASS


==============================================================================
 [007/248]  ecology2  |  OpenMP CSR | threads=1 | schedule=guided | partition=row
 $ OMP_NUM_THREADS=1 ./spmv-omp-csr matrices/ecology2.mtx --threads=1 --schedule=guided --partition=row
==============================================================================
Reading sparse matrix from file (matrices/ecology2.mtx): done

file=matrices/ecology2.mtx rows=999999 cols=999999 nonzeros=4995991
threads=1 schedule=guided partition=row
storage: CSR 43.97 MB
correctness vs sequential CSR: PASS (relative L2 error 0.000e+00)
	Performing 800 iterations
	benchmarking OpenMP CSR-SpMV:   2.5207 ms (  3.96 GFLOP/s  27.0 GB/s)
 -> time=2.5207 ms | 3.96 GFLOP/s | 27.0 GB/s | check=PASS


==============================================================================
 [008/248]  ecology2  |  OpenMP CSR | threads=1 | schedule=static (irrelevant for nnz) | partition=nnz
 $ OMP_NUM_THREADS=1 ./spmv-omp-csr matrices/ecology2.mtx --threads=1 --schedule=static --partition=nnz
==============================================================================
Reading sparse matrix from file (matrices/ecology2.mtx): done

file=matrices/ecology2.mtx rows=999999 cols=999999 nonzeros=4995991
threads=1 schedule=static partition=nnz
storage: CSR 43.97 MB
correctness vs sequential CSR: PASS (relative L2 error 0.000e+00)
	Performing 800 iterations
	benchmarking OpenMP CSR-SpMV:   2.5343 ms (  3.94 GFLOP/s  26.8 GB/s)
 -> time=2.5343 ms | 3.94 GFLOP/s | 26.8 GB/s | check=PASS


==============================================================================
 [009/248]  ecology2  |  OpenMP CSR | threads=2 | schedule=static | partition=row
 $ OMP_NUM_THREADS=2 ./spmv-omp-csr matrices/ecology2.mtx --threads=2 --schedule=static --partition=row
==============================================================================
Reading sparse matrix from file (matrices/ecology2.mtx): done

file=matrices/ecology2.mtx rows=999999 cols=999999 nonzeros=4995991
threads=2 schedule=static partition=row
storage: CSR 43.97 MB
correctness vs sequential CSR: PASS (relative L2 error 0.000e+00)
	Performing 800 iterations
	benchmarking OpenMP CSR-SpMV:   1.2255 ms (  8.15 GFLOP/s  55.4 GB/s)
 -> time=1.2255 ms | 8.15 GFLOP/s | 55.4 GB/s | check=PASS


==============================================================================
 [010/248]  ecology2  |  OpenMP CSR | threads=2 | schedule=dynamic,16 | partition=row
 $ OMP_NUM_THREADS=2 ./spmv-omp-csr matrices/ecology2.mtx --threads=2 --schedule=dynamic,16 --partition=row
==============================================================================
Reading sparse matrix from file (matrices/ecology2.mtx): done

file=matrices/ecology2.mtx rows=999999 cols=999999 nonzeros=4995991
threads=2 schedule=dynamic,16 partition=row
storage: CSR 43.97 MB
correctness vs sequential CSR: PASS (relative L2 error 0.000e+00)
	Performing 324 iterations
	benchmarking OpenMP CSR-SpMV:   9.2804 ms (  1.08 GFLOP/s   7.3 GB/s)
 -> time=9.2804 ms | 1.08 GFLOP/s | 7.3 GB/s | check=PASS


==============================================================================
 [011/248]  ecology2  |  OpenMP CSR | threads=2 | schedule=dynamic,64 | partition=row
 $ OMP_NUM_THREADS=2 ./spmv-omp-csr matrices/ecology2.mtx --threads=2 --schedule=dynamic,64 --partition=row
==============================================================================
Reading sparse matrix from file (matrices/ecology2.mtx): done

file=matrices/ecology2.mtx rows=999999 cols=999999 nonzeros=4995991
threads=2 schedule=dynamic,64 partition=row
storage: CSR 43.97 MB
correctness vs sequential CSR: PASS (relative L2 error 0.000e+00)
	Performing 800 iterations
	benchmarking OpenMP CSR-SpMV:   3.2802 ms (  3.05 GFLOP/s  20.7 GB/s)
 -> time=3.2802 ms | 3.05 GFLOP/s | 20.7 GB/s | check=PASS


==============================================================================
 [012/248]  ecology2  |  OpenMP CSR | threads=2 | schedule=dynamic,256 | partition=row
 $ OMP_NUM_THREADS=2 ./spmv-omp-csr matrices/ecology2.mtx --threads=2 --schedule=dynamic,256 --partition=row
==============================================================================
Reading sparse matrix from file (matrices/ecology2.mtx): done

file=matrices/ecology2.mtx rows=999999 cols=999999 nonzeros=4995991
threads=2 schedule=dynamic,256 partition=row
storage: CSR 43.97 MB
correctness vs sequential CSR: PASS (relative L2 error 0.000e+00)
	Performing 800 iterations
	benchmarking OpenMP CSR-SpMV:   2.2808 ms (  4.38 GFLOP/s  29.8 GB/s)
 -> time=2.2808 ms | 4.38 GFLOP/s | 29.8 GB/s | check=PASS


==============================================================================
 [013/248]  ecology2  |  OpenMP CSR | threads=2 | schedule=guided | partition=row
 $ OMP_NUM_THREADS=2 ./spmv-omp-csr matrices/ecology2.mtx --threads=2 --schedule=guided --partition=row
==============================================================================
Reading sparse matrix from file (matrices/ecology2.mtx): done

file=matrices/ecology2.mtx rows=999999 cols=999999 nonzeros=4995991
threads=2 schedule=guided partition=row
storage: CSR 43.97 MB
correctness vs sequential CSR: PASS (relative L2 error 0.000e+00)
	Performing 800 iterations
	benchmarking OpenMP CSR-SpMV:   1.1840 ms (  8.44 GFLOP/s  57.4 GB/s)
 -> time=1.1840 ms | 8.44 GFLOP/s | 57.4 GB/s | check=PASS


==============================================================================
 [014/248]  ecology2  |  OpenMP CSR | threads=2 | schedule=static (irrelevant for nnz) | partition=nnz
 $ OMP_NUM_THREADS=2 ./spmv-omp-csr matrices/ecology2.mtx --threads=2 --schedule=static --partition=nnz
==============================================================================
Reading sparse matrix from file (matrices/ecology2.mtx): done

file=matrices/ecology2.mtx rows=999999 cols=999999 nonzeros=4995991
threads=2 schedule=static partition=nnz
storage: CSR 43.97 MB
correctness vs sequential CSR: PASS (relative L2 error 0.000e+00)
	Performing 800 iterations
	benchmarking OpenMP CSR-SpMV:   1.4733 ms (  6.78 GFLOP/s  46.1 GB/s)
 -> time=1.4733 ms | 6.78 GFLOP/s | 46.1 GB/s | check=PASS


==============================================================================
 [015/248]  ecology2  |  OpenMP CSR | threads=4 | schedule=static | partition=row
 $ OMP_NUM_THREADS=4 ./spmv-omp-csr matrices/ecology2.mtx --threads=4 --schedule=static --partition=row
==============================================================================
Reading sparse matrix from file (matrices/ecology2.mtx): done

file=matrices/ecology2.mtx rows=999999 cols=999999 nonzeros=4995991
threads=4 schedule=static partition=row
storage: CSR 43.97 MB
correctness vs sequential CSR: PASS (relative L2 error 0.000e+00)
	Performing 800 iterations
	benchmarking OpenMP CSR-SpMV:   0.6225 ms ( 16.05 GFLOP/s 109.2 GB/s)
 -> time=0.6225 ms | 16.05 GFLOP/s | 109.2 GB/s | check=PASS


==============================================================================
 [016/248]  ecology2  |  OpenMP CSR | threads=4 | schedule=dynamic,16 | partition=row
 $ OMP_NUM_THREADS=4 ./spmv-omp-csr matrices/ecology2.mtx --threads=4 --schedule=dynamic,16 --partition=row
==============================================================================
Reading sparse matrix from file (matrices/ecology2.mtx): done

file=matrices/ecology2.mtx rows=999999 cols=999999 nonzeros=4995991
threads=4 schedule=dynamic,16 partition=row
storage: CSR 43.97 MB
correctness vs sequential CSR: PASS (relative L2 error 0.000e+00)
	Performing 574 iterations
	benchmarking OpenMP CSR-SpMV:   5.2101 ms (  1.92 GFLOP/s  13.0 GB/s)
 -> time=5.2101 ms | 1.92 GFLOP/s | 13.0 GB/s | check=PASS


==============================================================================
 [017/248]  ecology2  |  OpenMP CSR | threads=4 | schedule=dynamic,64 | partition=row
 $ OMP_NUM_THREADS=4 ./spmv-omp-csr matrices/ecology2.mtx --threads=4 --schedule=dynamic,64 --partition=row
==============================================================================
Reading sparse matrix from file (matrices/ecology2.mtx): done

file=matrices/ecology2.mtx rows=999999 cols=999999 nonzeros=4995991
threads=4 schedule=dynamic,64 partition=row
storage: CSR 43.97 MB
correctness vs sequential CSR: PASS (relative L2 error 0.000e+00)
	Performing 800 iterations
	benchmarking OpenMP CSR-SpMV:   2.0760 ms (  4.81 GFLOP/s  32.7 GB/s)
 -> time=2.0760 ms | 4.81 GFLOP/s | 32.7 GB/s | check=PASS


==============================================================================
 [018/248]  ecology2  |  OpenMP CSR | threads=4 | schedule=dynamic,256 | partition=row
 $ OMP_NUM_THREADS=4 ./spmv-omp-csr matrices/ecology2.mtx --threads=4 --schedule=dynamic,256 --partition=row
==============================================================================
Reading sparse matrix from file (matrices/ecology2.mtx): done

file=matrices/ecology2.mtx rows=999999 cols=999999 nonzeros=4995991
threads=4 schedule=dynamic,256 partition=row
storage: CSR 43.97 MB
correctness vs sequential CSR: PASS (relative L2 error 0.000e+00)
	Performing 800 iterations
	benchmarking OpenMP CSR-SpMV:   1.0975 ms (  9.10 GFLOP/s  61.9 GB/s)
 -> time=1.0975 ms | 9.10 GFLOP/s | 61.9 GB/s | check=PASS


==============================================================================
 [019/248]  ecology2  |  OpenMP CSR | threads=4 | schedule=guided | partition=row
 $ OMP_NUM_THREADS=4 ./spmv-omp-csr matrices/ecology2.mtx --threads=4 --schedule=guided --partition=row
==============================================================================
Reading sparse matrix from file (matrices/ecology2.mtx): done

file=matrices/ecology2.mtx rows=999999 cols=999999 nonzeros=4995991
threads=4 schedule=guided partition=row
storage: CSR 43.97 MB
correctness vs sequential CSR: PASS (relative L2 error 0.000e+00)
	Performing 800 iterations
	benchmarking OpenMP CSR-SpMV:   0.6204 ms ( 16.11 GFLOP/s 109.5 GB/s)
 -> time=0.6204 ms | 16.11 GFLOP/s | 109.5 GB/s | check=PASS


==============================================================================
 [020/248]  ecology2  |  OpenMP CSR | threads=4 | schedule=static (irrelevant for nnz) | partition=nnz
 $ OMP_NUM_THREADS=4 ./spmv-omp-csr matrices/ecology2.mtx --threads=4 --schedule=static --partition=nnz
==============================================================================
Reading sparse matrix from file (matrices/ecology2.mtx): done

file=matrices/ecology2.mtx rows=999999 cols=999999 nonzeros=4995991
threads=4 schedule=static partition=nnz
storage: CSR 43.97 MB
correctness vs sequential CSR: PASS (relative L2 error 0.000e+00)
	Performing 800 iterations
	benchmarking OpenMP CSR-SpMV:   0.9820 ms ( 10.17 GFLOP/s  69.2 GB/s)
 -> time=0.9820 ms | 10.17 GFLOP/s | 69.2 GB/s | check=PASS


==============================================================================
 [021/248]  ecology2  |  OpenMP CSR | threads=8 | schedule=static | partition=row
 $ OMP_NUM_THREADS=8 ./spmv-omp-csr matrices/ecology2.mtx --threads=8 --schedule=static --partition=row
==============================================================================
Reading sparse matrix from file (matrices/ecology2.mtx): done

file=matrices/ecology2.mtx rows=999999 cols=999999 nonzeros=4995991
threads=8 schedule=static partition=row
storage: CSR 43.97 MB
correctness vs sequential CSR: PASS (relative L2 error 0.000e+00)
	Performing 800 iterations
	benchmarking OpenMP CSR-SpMV:   0.3232 ms ( 30.92 GFLOP/s 210.3 GB/s)
 -> time=0.3232 ms | 30.92 GFLOP/s | 210.3 GB/s | check=PASS


==============================================================================
 [022/248]  ecology2  |  OpenMP CSR | threads=8 | schedule=dynamic,16 | partition=row
 $ OMP_NUM_THREADS=8 ./spmv-omp-csr matrices/ecology2.mtx --threads=8 --schedule=dynamic,16 --partition=row
==============================================================================
Reading sparse matrix from file (matrices/ecology2.mtx): done

file=matrices/ecology2.mtx rows=999999 cols=999999 nonzeros=4995991
threads=8 schedule=dynamic,16 partition=row
storage: CSR 43.97 MB
correctness vs sequential CSR: PASS (relative L2 error 0.000e+00)
	Performing 800 iterations
	benchmarking OpenMP CSR-SpMV:   2.5291 ms (  3.95 GFLOP/s  26.9 GB/s)
 -> time=2.5291 ms | 3.95 GFLOP/s | 26.9 GB/s | check=PASS


==============================================================================
 [023/248]  ecology2  |  OpenMP CSR | threads=8 | schedule=dynamic,64 | partition=row
 $ OMP_NUM_THREADS=8 ./spmv-omp-csr matrices/ecology2.mtx --threads=8 --schedule=dynamic,64 --partition=row
==============================================================================
Reading sparse matrix from file (matrices/ecology2.mtx): done

file=matrices/ecology2.mtx rows=999999 cols=999999 nonzeros=4995991
threads=8 schedule=dynamic,64 partition=row
storage: CSR 43.97 MB
correctness vs sequential CSR: PASS (relative L2 error 0.000e+00)
	Performing 800 iterations
	benchmarking OpenMP CSR-SpMV:   1.0673 ms (  9.36 GFLOP/s  63.7 GB/s)
 -> time=1.0673 ms | 9.36 GFLOP/s | 63.7 GB/s | check=PASS


==============================================================================
 [024/248]  ecology2  |  OpenMP CSR | threads=8 | schedule=dynamic,256 | partition=row
 $ OMP_NUM_THREADS=8 ./spmv-omp-csr matrices/ecology2.mtx --threads=8 --schedule=dynamic,256 --partition=row
==============================================================================
Reading sparse matrix from file (matrices/ecology2.mtx): done

file=matrices/ecology2.mtx rows=999999 cols=999999 nonzeros=4995991
threads=8 schedule=dynamic,256 partition=row
storage: CSR 43.97 MB
correctness vs sequential CSR: PASS (relative L2 error 0.000e+00)
	Performing 800 iterations
	benchmarking OpenMP CSR-SpMV:   0.5912 ms ( 16.90 GFLOP/s 114.9 GB/s)
 -> time=0.5912 ms | 16.90 GFLOP/s | 114.9 GB/s | check=PASS


==============================================================================
 [025/248]  ecology2  |  OpenMP CSR | threads=8 | schedule=guided | partition=row
 $ OMP_NUM_THREADS=8 ./spmv-omp-csr matrices/ecology2.mtx --threads=8 --schedule=guided --partition=row
==============================================================================
Reading sparse matrix from file (matrices/ecology2.mtx): done

file=matrices/ecology2.mtx rows=999999 cols=999999 nonzeros=4995991
threads=8 schedule=guided partition=row
storage: CSR 43.97 MB
correctness vs sequential CSR: PASS (relative L2 error 0.000e+00)
	Performing 800 iterations
	benchmarking OpenMP CSR-SpMV:   0.3385 ms ( 29.52 GFLOP/s 200.7 GB/s)
 -> time=0.3385 ms | 29.52 GFLOP/s | 200.7 GB/s | check=PASS


==============================================================================
 [026/248]  ecology2  |  OpenMP CSR | threads=8 | schedule=static (irrelevant for nnz) | partition=nnz
 $ OMP_NUM_THREADS=8 ./spmv-omp-csr matrices/ecology2.mtx --threads=8 --schedule=static --partition=nnz
==============================================================================
Reading sparse matrix from file (matrices/ecology2.mtx): done

file=matrices/ecology2.mtx rows=999999 cols=999999 nonzeros=4995991
threads=8 schedule=static partition=nnz
storage: CSR 43.97 MB
correctness vs sequential CSR: PASS (relative L2 error 0.000e+00)
	Performing 800 iterations
	benchmarking OpenMP CSR-SpMV:   0.7420 ms ( 13.47 GFLOP/s  91.6 GB/s)
 -> time=0.7420 ms | 13.47 GFLOP/s | 91.6 GB/s | check=PASS


==============================================================================
 [027/248]  ecology2  |  OpenMP CSR | threads=16 | schedule=static | partition=row
 $ OMP_NUM_THREADS=16 ./spmv-omp-csr matrices/ecology2.mtx --threads=16 --schedule=static --partition=row
==============================================================================
Reading sparse matrix from file (matrices/ecology2.mtx): done

file=matrices/ecology2.mtx rows=999999 cols=999999 nonzeros=4995991
threads=16 schedule=static partition=row
storage: CSR 43.97 MB
correctness vs sequential CSR: PASS (relative L2 error 0.000e+00)
	Performing 800 iterations
	benchmarking OpenMP CSR-SpMV:   0.2103 ms ( 47.51 GFLOP/s 323.1 GB/s)
 -> time=0.2103 ms | 47.51 GFLOP/s | 323.1 GB/s | check=PASS


==============================================================================
 [028/248]  ecology2  |  OpenMP CSR | threads=16 | schedule=dynamic,16 | partition=row
 $ OMP_NUM_THREADS=16 ./spmv-omp-csr matrices/ecology2.mtx --threads=16 --schedule=dynamic,16 --partition=row
==============================================================================
Reading sparse matrix from file (matrices/ecology2.mtx): done

file=matrices/ecology2.mtx rows=999999 cols=999999 nonzeros=4995991
threads=16 schedule=dynamic,16 partition=row
storage: CSR 43.97 MB
correctness vs sequential CSR: PASS (relative L2 error 0.000e+00)
	Performing 800 iterations
	benchmarking OpenMP CSR-SpMV:   1.6877 ms (  5.92 GFLOP/s  40.3 GB/s)
 -> time=1.6877 ms | 5.92 GFLOP/s | 40.3 GB/s | check=PASS


==============================================================================
 [029/248]  ecology2  |  OpenMP CSR | threads=16 | schedule=dynamic,64 | partition=row
 $ OMP_NUM_THREADS=16 ./spmv-omp-csr matrices/ecology2.mtx --threads=16 --schedule=dynamic,64 --partition=row
==============================================================================
Reading sparse matrix from file (matrices/ecology2.mtx): done

file=matrices/ecology2.mtx rows=999999 cols=999999 nonzeros=4995991
threads=16 schedule=dynamic,64 partition=row
storage: CSR 43.97 MB
correctness vs sequential CSR: PASS (relative L2 error 0.000e+00)
	Performing 800 iterations
	benchmarking OpenMP CSR-SpMV:   0.6524 ms ( 15.32 GFLOP/s 104.2 GB/s)
 -> time=0.6524 ms | 15.32 GFLOP/s | 104.2 GB/s | check=PASS


==============================================================================
 [030/248]  ecology2  |  OpenMP CSR | threads=16 | schedule=dynamic,256 | partition=row
 $ OMP_NUM_THREADS=16 ./spmv-omp-csr matrices/ecology2.mtx --threads=16 --schedule=dynamic,256 --partition=row
==============================================================================
Reading sparse matrix from file (matrices/ecology2.mtx): done

file=matrices/ecology2.mtx rows=999999 cols=999999 nonzeros=4995991
threads=16 schedule=dynamic,256 partition=row
storage: CSR 43.97 MB
correctness vs sequential CSR: PASS (relative L2 error 0.000e+00)
	Performing 800 iterations
	benchmarking OpenMP CSR-SpMV:   0.3643 ms ( 27.43 GFLOP/s 186.5 GB/s)
 -> time=0.3643 ms | 27.43 GFLOP/s | 186.5 GB/s | check=PASS


==============================================================================
 [031/248]  ecology2  |  OpenMP CSR | threads=16 | schedule=guided | partition=row
 $ OMP_NUM_THREADS=16 ./spmv-omp-csr matrices/ecology2.mtx --threads=16 --schedule=guided --partition=row
==============================================================================
Reading sparse matrix from file (matrices/ecology2.mtx): done

file=matrices/ecology2.mtx rows=999999 cols=999999 nonzeros=4995991
threads=16 schedule=guided partition=row
storage: CSR 43.97 MB
correctness vs sequential CSR: PASS (relative L2 error 0.000e+00)
	Performing 800 iterations
	benchmarking OpenMP CSR-SpMV:   0.2477 ms ( 40.34 GFLOP/s 274.4 GB/s)
 -> time=0.2477 ms | 40.34 GFLOP/s | 274.4 GB/s | check=PASS


==============================================================================
 [032/248]  ecology2  |  OpenMP CSR | threads=16 | schedule=static (irrelevant for nnz) | partition=nnz
 $ OMP_NUM_THREADS=16 ./spmv-omp-csr matrices/ecology2.mtx --threads=16 --schedule=static --partition=nnz
==============================================================================
Reading sparse matrix from file (matrices/ecology2.mtx): done

file=matrices/ecology2.mtx rows=999999 cols=999999 nonzeros=4995991
threads=16 schedule=static partition=nnz
storage: CSR 43.97 MB
correctness vs sequential CSR: PASS (relative L2 error 0.000e+00)
	Performing 800 iterations
	benchmarking OpenMP CSR-SpMV:   0.6646 ms ( 15.03 GFLOP/s 102.2 GB/s)
 -> time=0.6646 ms | 15.03 GFLOP/s | 102.2 GB/s | check=PASS


==============================================================================
 [033/248]  ecology2  |  OpenMP ELL | threads=1 | schedule=static | partition=row
 $ OMP_NUM_THREADS=1 ./spmv-omp-ell matrices/ecology2.mtx --threads=1 --schedule=static --partition=row
==============================================================================
Reading sparse matrix from file (matrices/ecology2.mtx): done

file=matrices/ecology2.mtx rows=999999 cols=999999 nonzeros=4995991 max_row_len=5
threads=1 schedule=static partition=row
storage: CSR 43.97 MB, ELL 40.00 MB (ELL/CSR = 0.91), padding 0.1%
correctness vs sequential CSR: PASS (relative L2 error 0.000e+00)
	Performing 800 iterations
	benchmarking OpenMP ELL-SpMV:   2.0513 ms (  4.87 GFLOP/s  31.2 GB/s)
 -> time=2.0513 ms | 4.87 GFLOP/s | 31.2 GB/s | check=PASS


==============================================================================
 [034/248]  ecology2  |  OpenMP ELL | threads=1 | schedule=dynamic,16 | partition=row
 $ OMP_NUM_THREADS=1 ./spmv-omp-ell matrices/ecology2.mtx --threads=1 --schedule=dynamic,16 --partition=row
==============================================================================
Reading sparse matrix from file (matrices/ecology2.mtx): done

file=matrices/ecology2.mtx rows=999999 cols=999999 nonzeros=4995991 max_row_len=5
threads=1 schedule=dynamic,16 partition=row
storage: CSR 43.97 MB, ELL 40.00 MB (ELL/CSR = 0.91), padding 0.1%
correctness vs sequential CSR: PASS (relative L2 error 0.000e+00)
	Performing 800 iterations
	benchmarking OpenMP ELL-SpMV:   2.1575 ms (  4.63 GFLOP/s  29.7 GB/s)
 -> time=2.1575 ms | 4.63 GFLOP/s | 29.7 GB/s | check=PASS


==============================================================================
 [035/248]  ecology2  |  OpenMP ELL | threads=1 | schedule=dynamic,64 | partition=row
 $ OMP_NUM_THREADS=1 ./spmv-omp-ell matrices/ecology2.mtx --threads=1 --schedule=dynamic,64 --partition=row
==============================================================================
Reading sparse matrix from file (matrices/ecology2.mtx): done

file=matrices/ecology2.mtx rows=999999 cols=999999 nonzeros=4995991 max_row_len=5
threads=1 schedule=dynamic,64 partition=row
storage: CSR 43.97 MB, ELL 40.00 MB (ELL/CSR = 0.91), padding 0.1%
correctness vs sequential CSR: PASS (relative L2 error 0.000e+00)
	Performing 800 iterations
	benchmarking OpenMP ELL-SpMV:   2.0796 ms (  4.80 GFLOP/s  30.8 GB/s)
 -> time=2.0796 ms | 4.80 GFLOP/s | 30.8 GB/s | check=PASS


==============================================================================
 [036/248]  ecology2  |  OpenMP ELL | threads=1 | schedule=dynamic,256 | partition=row
 $ OMP_NUM_THREADS=1 ./spmv-omp-ell matrices/ecology2.mtx --threads=1 --schedule=dynamic,256 --partition=row
==============================================================================
Reading sparse matrix from file (matrices/ecology2.mtx): done

file=matrices/ecology2.mtx rows=999999 cols=999999 nonzeros=4995991 max_row_len=5
threads=1 schedule=dynamic,256 partition=row
storage: CSR 43.97 MB, ELL 40.00 MB (ELL/CSR = 0.91), padding 0.1%
correctness vs sequential CSR: PASS (relative L2 error 0.000e+00)
	Performing 800 iterations
	benchmarking OpenMP ELL-SpMV:   2.0970 ms (  4.76 GFLOP/s  30.5 GB/s)
 -> time=2.0970 ms | 4.76 GFLOP/s | 30.5 GB/s | check=PASS


==============================================================================
 [037/248]  ecology2  |  OpenMP ELL | threads=1 | schedule=guided | partition=row
 $ OMP_NUM_THREADS=1 ./spmv-omp-ell matrices/ecology2.mtx --threads=1 --schedule=guided --partition=row
==============================================================================
Reading sparse matrix from file (matrices/ecology2.mtx): done

file=matrices/ecology2.mtx rows=999999 cols=999999 nonzeros=4995991 max_row_len=5
threads=1 schedule=guided partition=row
storage: CSR 43.97 MB, ELL 40.00 MB (ELL/CSR = 0.91), padding 0.1%
correctness vs sequential CSR: PASS (relative L2 error 0.000e+00)
	Performing 800 iterations
	benchmarking OpenMP ELL-SpMV:   2.0261 ms (  4.93 GFLOP/s  31.6 GB/s)
 -> time=2.0261 ms | 4.93 GFLOP/s | 31.6 GB/s | check=PASS


==============================================================================
 [038/248]  ecology2  |  OpenMP ELL | threads=1 | schedule=static (irrelevant for nnz) | partition=nnz
 $ OMP_NUM_THREADS=1 ./spmv-omp-ell matrices/ecology2.mtx --threads=1 --schedule=static --partition=nnz
==============================================================================
Reading sparse matrix from file (matrices/ecology2.mtx): done

file=matrices/ecology2.mtx rows=999999 cols=999999 nonzeros=4995991 max_row_len=5
threads=1 schedule=static partition=nnz
storage: CSR 43.97 MB, ELL 40.00 MB (ELL/CSR = 0.91), padding 0.1%
correctness vs sequential CSR: PASS (relative L2 error 0.000e+00)
	Performing 800 iterations
	benchmarking OpenMP ELL-SpMV:   2.2874 ms (  4.37 GFLOP/s  28.0 GB/s)
 -> time=2.2874 ms | 4.37 GFLOP/s | 28.0 GB/s | check=PASS


==============================================================================
 [039/248]  ecology2  |  OpenMP ELL | threads=2 | schedule=static | partition=row
 $ OMP_NUM_THREADS=2 ./spmv-omp-ell matrices/ecology2.mtx --threads=2 --schedule=static --partition=row
==============================================================================
Reading sparse matrix from file (matrices/ecology2.mtx): done

file=matrices/ecology2.mtx rows=999999 cols=999999 nonzeros=4995991 max_row_len=5
threads=2 schedule=static partition=row
storage: CSR 43.97 MB, ELL 40.00 MB (ELL/CSR = 0.91), padding 0.1%
correctness vs sequential CSR: PASS (relative L2 error 0.000e+00)
	Performing 800 iterations
	benchmarking OpenMP ELL-SpMV:   0.9850 ms ( 10.14 GFLOP/s  65.0 GB/s)
 -> time=0.9850 ms | 10.14 GFLOP/s | 65.0 GB/s | check=PASS


==============================================================================
 [040/248]  ecology2  |  OpenMP ELL | threads=2 | schedule=dynamic,16 | partition=row
 $ OMP_NUM_THREADS=2 ./spmv-omp-ell matrices/ecology2.mtx --threads=2 --schedule=dynamic,16 --partition=row
==============================================================================
Reading sparse matrix from file (matrices/ecology2.mtx): done

file=matrices/ecology2.mtx rows=999999 cols=999999 nonzeros=4995991 max_row_len=5
threads=2 schedule=dynamic,16 partition=row
storage: CSR 43.97 MB, ELL 40.00 MB (ELL/CSR = 0.91), padding 0.1%
correctness vs sequential CSR: PASS (relative L2 error 0.000e+00)
	Performing 322 iterations
	benchmarking OpenMP ELL-SpMV:   9.2565 ms (  1.08 GFLOP/s   6.9 GB/s)
 -> time=9.2565 ms | 1.08 GFLOP/s | 6.9 GB/s | check=PASS


==============================================================================
 [041/248]  ecology2  |  OpenMP ELL | threads=2 | schedule=dynamic,64 | partition=row
 $ OMP_NUM_THREADS=2 ./spmv-omp-ell matrices/ecology2.mtx --threads=2 --schedule=dynamic,64 --partition=row
==============================================================================
Reading sparse matrix from file (matrices/ecology2.mtx): done

file=matrices/ecology2.mtx rows=999999 cols=999999 nonzeros=4995991 max_row_len=5
threads=2 schedule=dynamic,64 partition=row
storage: CSR 43.97 MB, ELL 40.00 MB (ELL/CSR = 0.91), padding 0.1%
correctness vs sequential CSR: PASS (relative L2 error 0.000e+00)
	Performing 800 iterations
	benchmarking OpenMP ELL-SpMV:   3.1091 ms (  3.21 GFLOP/s  20.6 GB/s)
 -> time=3.1091 ms | 3.21 GFLOP/s | 20.6 GB/s | check=PASS


==============================================================================
 [042/248]  ecology2  |  OpenMP ELL | threads=2 | schedule=dynamic,256 | partition=row
 $ OMP_NUM_THREADS=2 ./spmv-omp-ell matrices/ecology2.mtx --threads=2 --schedule=dynamic,256 --partition=row
==============================================================================
Reading sparse matrix from file (matrices/ecology2.mtx): done

file=matrices/ecology2.mtx rows=999999 cols=999999 nonzeros=4995991 max_row_len=5
threads=2 schedule=dynamic,256 partition=row
storage: CSR 43.97 MB, ELL 40.00 MB (ELL/CSR = 0.91), padding 0.1%
correctness vs sequential CSR: PASS (relative L2 error 0.000e+00)
	Performing 800 iterations
	benchmarking OpenMP ELL-SpMV:   2.0249 ms (  4.93 GFLOP/s  31.6 GB/s)
 -> time=2.0249 ms | 4.93 GFLOP/s | 31.6 GB/s | check=PASS


==============================================================================
 [043/248]  ecology2  |  OpenMP ELL | threads=2 | schedule=guided | partition=row
 $ OMP_NUM_THREADS=2 ./spmv-omp-ell matrices/ecology2.mtx --threads=2 --schedule=guided --partition=row
==============================================================================
Reading sparse matrix from file (matrices/ecology2.mtx): done

file=matrices/ecology2.mtx rows=999999 cols=999999 nonzeros=4995991 max_row_len=5
threads=2 schedule=guided partition=row
storage: CSR 43.97 MB, ELL 40.00 MB (ELL/CSR = 0.91), padding 0.1%
correctness vs sequential CSR: PASS (relative L2 error 0.000e+00)
	Performing 800 iterations
	benchmarking OpenMP ELL-SpMV:   0.9881 ms ( 10.11 GFLOP/s  64.8 GB/s)
 -> time=0.9881 ms | 10.11 GFLOP/s | 64.8 GB/s | check=PASS


==============================================================================
 [044/248]  ecology2  |  OpenMP ELL | threads=2 | schedule=static (irrelevant for nnz) | partition=nnz
 $ OMP_NUM_THREADS=2 ./spmv-omp-ell matrices/ecology2.mtx --threads=2 --schedule=static --partition=nnz
==============================================================================
Reading sparse matrix from file (matrices/ecology2.mtx): done

file=matrices/ecology2.mtx rows=999999 cols=999999 nonzeros=4995991 max_row_len=5
threads=2 schedule=static partition=nnz
storage: CSR 43.97 MB, ELL 40.00 MB (ELL/CSR = 0.91), padding 0.1%
correctness vs sequential CSR: PASS (relative L2 error 0.000e+00)
	Performing 800 iterations
	benchmarking OpenMP ELL-SpMV:   1.3787 ms (  7.25 GFLOP/s  46.4 GB/s)
 -> time=1.3787 ms | 7.25 GFLOP/s | 46.4 GB/s | check=PASS


==============================================================================
 [045/248]  ecology2  |  OpenMP ELL | threads=4 | schedule=static | partition=row
 $ OMP_NUM_THREADS=4 ./spmv-omp-ell matrices/ecology2.mtx --threads=4 --schedule=static --partition=row
==============================================================================
Reading sparse matrix from file (matrices/ecology2.mtx): done

file=matrices/ecology2.mtx rows=999999 cols=999999 nonzeros=4995991 max_row_len=5
threads=4 schedule=static partition=row
storage: CSR 43.97 MB, ELL 40.00 MB (ELL/CSR = 0.91), padding 0.1%
correctness vs sequential CSR: PASS (relative L2 error 0.000e+00)
	Performing 800 iterations
	benchmarking OpenMP ELL-SpMV:   0.5097 ms ( 19.60 GFLOP/s 125.6 GB/s)
 -> time=0.5097 ms | 19.60 GFLOP/s | 125.6 GB/s | check=PASS


==============================================================================
 [046/248]  ecology2  |  OpenMP ELL | threads=4 | schedule=dynamic,16 | partition=row
 $ OMP_NUM_THREADS=4 ./spmv-omp-ell matrices/ecology2.mtx --threads=4 --schedule=dynamic,16 --partition=row
==============================================================================
Reading sparse matrix from file (matrices/ecology2.mtx): done

file=matrices/ecology2.mtx rows=999999 cols=999999 nonzeros=4995991 max_row_len=5
threads=4 schedule=dynamic,16 partition=row
storage: CSR 43.97 MB, ELL 40.00 MB (ELL/CSR = 0.91), padding 0.1%
correctness vs sequential CSR: PASS (relative L2 error 0.000e+00)
	Performing 556 iterations
	benchmarking OpenMP ELL-SpMV:   5.4305 ms (  1.84 GFLOP/s  11.8 GB/s)
 -> time=5.4305 ms | 1.84 GFLOP/s | 11.8 GB/s | check=PASS


==============================================================================
 [047/248]  ecology2  |  OpenMP ELL | threads=4 | schedule=dynamic,64 | partition=row
 $ OMP_NUM_THREADS=4 ./spmv-omp-ell matrices/ecology2.mtx --threads=4 --schedule=dynamic,64 --partition=row
==============================================================================
Reading sparse matrix from file (matrices/ecology2.mtx): done

file=matrices/ecology2.mtx rows=999999 cols=999999 nonzeros=4995991 max_row_len=5
threads=4 schedule=dynamic,64 partition=row
storage: CSR 43.97 MB, ELL 40.00 MB (ELL/CSR = 0.91), padding 0.1%
correctness vs sequential CSR: PASS (relative L2 error 0.000e+00)
	Performing 800 iterations
	benchmarking OpenMP ELL-SpMV:   1.8091 ms (  5.52 GFLOP/s  35.4 GB/s)
 -> time=1.8091 ms | 5.52 GFLOP/s | 35.4 GB/s | check=PASS


==============================================================================
 [048/248]  ecology2  |  OpenMP ELL | threads=4 | schedule=dynamic,256 | partition=row
 $ OMP_NUM_THREADS=4 ./spmv-omp-ell matrices/ecology2.mtx --threads=4 --schedule=dynamic,256 --partition=row
==============================================================================
Reading sparse matrix from file (matrices/ecology2.mtx): done

file=matrices/ecology2.mtx rows=999999 cols=999999 nonzeros=4995991 max_row_len=5
threads=4 schedule=dynamic,256 partition=row
storage: CSR 43.97 MB, ELL 40.00 MB (ELL/CSR = 0.91), padding 0.1%
correctness vs sequential CSR: PASS (relative L2 error 0.000e+00)
	Performing 800 iterations
	benchmarking OpenMP ELL-SpMV:   0.9623 ms ( 10.38 GFLOP/s  66.5 GB/s)
 -> time=0.9623 ms | 10.38 GFLOP/s | 66.5 GB/s | check=PASS


==============================================================================
 [049/248]  ecology2  |  OpenMP ELL | threads=4 | schedule=guided | partition=row
 $ OMP_NUM_THREADS=4 ./spmv-omp-ell matrices/ecology2.mtx --threads=4 --schedule=guided --partition=row
==============================================================================
Reading sparse matrix from file (matrices/ecology2.mtx): done

file=matrices/ecology2.mtx rows=999999 cols=999999 nonzeros=4995991 max_row_len=5
threads=4 schedule=guided partition=row
storage: CSR 43.97 MB, ELL 40.00 MB (ELL/CSR = 0.91), padding 0.1%
correctness vs sequential CSR: PASS (relative L2 error 0.000e+00)
	Performing 800 iterations
	benchmarking OpenMP ELL-SpMV:   0.5014 ms ( 19.93 GFLOP/s 127.6 GB/s)
 -> time=0.5014 ms | 19.93 GFLOP/s | 127.6 GB/s | check=PASS


==============================================================================
 [050/248]  ecology2  |  OpenMP ELL | threads=4 | schedule=static (irrelevant for nnz) | partition=nnz
 $ OMP_NUM_THREADS=4 ./spmv-omp-ell matrices/ecology2.mtx --threads=4 --schedule=static --partition=nnz
==============================================================================
Reading sparse matrix from file (matrices/ecology2.mtx): done

file=matrices/ecology2.mtx rows=999999 cols=999999 nonzeros=4995991 max_row_len=5
threads=4 schedule=static partition=nnz
storage: CSR 43.97 MB, ELL 40.00 MB (ELL/CSR = 0.91), padding 0.1%
correctness vs sequential CSR: PASS (relative L2 error 0.000e+00)
	Performing 800 iterations
	benchmarking OpenMP ELL-SpMV:   0.9336 ms ( 10.70 GFLOP/s  68.6 GB/s)
 -> time=0.9336 ms | 10.70 GFLOP/s | 68.6 GB/s | check=PASS


==============================================================================
 [051/248]  ecology2  |  OpenMP ELL | threads=8 | schedule=static | partition=row
 $ OMP_NUM_THREADS=8 ./spmv-omp-ell matrices/ecology2.mtx --threads=8 --schedule=static --partition=row
==============================================================================
Reading sparse matrix from file (matrices/ecology2.mtx): done

file=matrices/ecology2.mtx rows=999999 cols=999999 nonzeros=4995991 max_row_len=5
threads=8 schedule=static partition=row
storage: CSR 43.97 MB, ELL 40.00 MB (ELL/CSR = 0.91), padding 0.1%
correctness vs sequential CSR: PASS (relative L2 error 0.000e+00)
	Performing 800 iterations
	benchmarking OpenMP ELL-SpMV:   0.2618 ms ( 38.17 GFLOP/s 244.5 GB/s)
 -> time=0.2618 ms | 38.17 GFLOP/s | 244.5 GB/s | check=PASS


==============================================================================
 [052/248]  ecology2  |  OpenMP ELL | threads=8 | schedule=dynamic,16 | partition=row
 $ OMP_NUM_THREADS=8 ./spmv-omp-ell matrices/ecology2.mtx --threads=8 --schedule=dynamic,16 --partition=row
==============================================================================
Reading sparse matrix from file (matrices/ecology2.mtx): done

file=matrices/ecology2.mtx rows=999999 cols=999999 nonzeros=4995991 max_row_len=5
threads=8 schedule=dynamic,16 partition=row
storage: CSR 43.97 MB, ELL 40.00 MB (ELL/CSR = 0.91), padding 0.1%
correctness vs sequential CSR: PASS (relative L2 error 0.000e+00)
	Performing 800 iterations
	benchmarking OpenMP ELL-SpMV:   2.5324 ms (  3.95 GFLOP/s  25.3 GB/s)
 -> time=2.5324 ms | 3.95 GFLOP/s | 25.3 GB/s | check=PASS


==============================================================================
 [053/248]  ecology2  |  OpenMP ELL | threads=8 | schedule=dynamic,64 | partition=row
 $ OMP_NUM_THREADS=8 ./spmv-omp-ell matrices/ecology2.mtx --threads=8 --schedule=dynamic,64 --partition=row
==============================================================================
Reading sparse matrix from file (matrices/ecology2.mtx): done

file=matrices/ecology2.mtx rows=999999 cols=999999 nonzeros=4995991 max_row_len=5
threads=8 schedule=dynamic,64 partition=row
storage: CSR 43.97 MB, ELL 40.00 MB (ELL/CSR = 0.91), padding 0.1%
correctness vs sequential CSR: PASS (relative L2 error 0.000e+00)
	Performing 800 iterations
	benchmarking OpenMP ELL-SpMV:   0.9144 ms ( 10.93 GFLOP/s  70.0 GB/s)
 -> time=0.9144 ms | 10.93 GFLOP/s | 70.0 GB/s | check=PASS


==============================================================================
 [054/248]  ecology2  |  OpenMP ELL | threads=8 | schedule=dynamic,256 | partition=row
 $ OMP_NUM_THREADS=8 ./spmv-omp-ell matrices/ecology2.mtx --threads=8 --schedule=dynamic,256 --partition=row
==============================================================================
Reading sparse matrix from file (matrices/ecology2.mtx): done

file=matrices/ecology2.mtx rows=999999 cols=999999 nonzeros=4995991 max_row_len=5
threads=8 schedule=dynamic,256 partition=row
storage: CSR 43.97 MB, ELL 40.00 MB (ELL/CSR = 0.91), padding 0.1%
correctness vs sequential CSR: PASS (relative L2 error 0.000e+00)
	Performing 800 iterations
	benchmarking OpenMP ELL-SpMV:   0.5147 ms ( 19.41 GFLOP/s 124.4 GB/s)
 -> time=0.5147 ms | 19.41 GFLOP/s | 124.4 GB/s | check=PASS


==============================================================================
 [055/248]  ecology2  |  OpenMP ELL | threads=8 | schedule=guided | partition=row
 $ OMP_NUM_THREADS=8 ./spmv-omp-ell matrices/ecology2.mtx --threads=8 --schedule=guided --partition=row
==============================================================================
Reading sparse matrix from file (matrices/ecology2.mtx): done

file=matrices/ecology2.mtx rows=999999 cols=999999 nonzeros=4995991 max_row_len=5
threads=8 schedule=guided partition=row
storage: CSR 43.97 MB, ELL 40.00 MB (ELL/CSR = 0.91), padding 0.1%
correctness vs sequential CSR: PASS (relative L2 error 0.000e+00)
	Performing 800 iterations
	benchmarking OpenMP ELL-SpMV:   0.2658 ms ( 37.59 GFLOP/s 240.7 GB/s)
 -> time=0.2658 ms | 37.59 GFLOP/s | 240.7 GB/s | check=PASS


==============================================================================
 [056/248]  ecology2  |  OpenMP ELL | threads=8 | schedule=static (irrelevant for nnz) | partition=nnz
 $ OMP_NUM_THREADS=8 ./spmv-omp-ell matrices/ecology2.mtx --threads=8 --schedule=static --partition=nnz
==============================================================================
Reading sparse matrix from file (matrices/ecology2.mtx): done

file=matrices/ecology2.mtx rows=999999 cols=999999 nonzeros=4995991 max_row_len=5
threads=8 schedule=static partition=nnz
storage: CSR 43.97 MB, ELL 40.00 MB (ELL/CSR = 0.91), padding 0.1%
correctness vs sequential CSR: PASS (relative L2 error 0.000e+00)
	Performing 800 iterations
	benchmarking OpenMP ELL-SpMV:   0.7146 ms ( 13.98 GFLOP/s  89.6 GB/s)
 -> time=0.7146 ms | 13.98 GFLOP/s | 89.6 GB/s | check=PASS


==============================================================================
 [057/248]  ecology2  |  OpenMP ELL | threads=16 | schedule=static | partition=row
 $ OMP_NUM_THREADS=16 ./spmv-omp-ell matrices/ecology2.mtx --threads=16 --schedule=static --partition=row
==============================================================================
Reading sparse matrix from file (matrices/ecology2.mtx): done

file=matrices/ecology2.mtx rows=999999 cols=999999 nonzeros=4995991 max_row_len=5
threads=16 schedule=static partition=row
storage: CSR 43.97 MB, ELL 40.00 MB (ELL/CSR = 0.91), padding 0.1%
correctness vs sequential CSR: PASS (relative L2 error 0.000e+00)
	Performing 800 iterations
	benchmarking OpenMP ELL-SpMV:   0.1681 ms ( 59.43 GFLOP/s 380.7 GB/s)
 -> time=0.1681 ms | 59.43 GFLOP/s | 380.7 GB/s | check=PASS


==============================================================================
 [058/248]  ecology2  |  OpenMP ELL | threads=16 | schedule=dynamic,16 | partition=row
 $ OMP_NUM_THREADS=16 ./spmv-omp-ell matrices/ecology2.mtx --threads=16 --schedule=dynamic,16 --partition=row
==============================================================================
Reading sparse matrix from file (matrices/ecology2.mtx): done

file=matrices/ecology2.mtx rows=999999 cols=999999 nonzeros=4995991 max_row_len=5
threads=16 schedule=dynamic,16 partition=row
storage: CSR 43.97 MB, ELL 40.00 MB (ELL/CSR = 0.91), padding 0.1%
correctness vs sequential CSR: PASS (relative L2 error 0.000e+00)
	Performing 800 iterations
	benchmarking OpenMP ELL-SpMV:   1.7072 ms (  5.85 GFLOP/s  37.5 GB/s)
 -> time=1.7072 ms | 5.85 GFLOP/s | 37.5 GB/s | check=PASS


==============================================================================
 [059/248]  ecology2  |  OpenMP ELL | threads=16 | schedule=dynamic,64 | partition=row
 $ OMP_NUM_THREADS=16 ./spmv-omp-ell matrices/ecology2.mtx --threads=16 --schedule=dynamic,64 --partition=row
==============================================================================
Reading sparse matrix from file (matrices/ecology2.mtx): done

file=matrices/ecology2.mtx rows=999999 cols=999999 nonzeros=4995991 max_row_len=5
threads=16 schedule=dynamic,64 partition=row
storage: CSR 43.97 MB, ELL 40.00 MB (ELL/CSR = 0.91), padding 0.1%
correctness vs sequential CSR: PASS (relative L2 error 0.000e+00)
	Performing 800 iterations
	benchmarking OpenMP ELL-SpMV:   0.5531 ms ( 18.07 GFLOP/s 115.7 GB/s)
 -> time=0.5531 ms | 18.07 GFLOP/s | 115.7 GB/s | check=PASS


==============================================================================
 [060/248]  ecology2  |  OpenMP ELL | threads=16 | schedule=dynamic,256 | partition=row
 $ OMP_NUM_THREADS=16 ./spmv-omp-ell matrices/ecology2.mtx --threads=16 --schedule=dynamic,256 --partition=row
==============================================================================
Reading sparse matrix from file (matrices/ecology2.mtx): done

file=matrices/ecology2.mtx rows=999999 cols=999999 nonzeros=4995991 max_row_len=5
threads=16 schedule=dynamic,256 partition=row
storage: CSR 43.97 MB, ELL 40.00 MB (ELL/CSR = 0.91), padding 0.1%
correctness vs sequential CSR: PASS (relative L2 error 0.000e+00)
	Performing 800 iterations
	benchmarking OpenMP ELL-SpMV:   0.3116 ms ( 32.06 GFLOP/s 205.4 GB/s)
 -> time=0.3116 ms | 32.06 GFLOP/s | 205.4 GB/s | check=PASS


==============================================================================
 [061/248]  ecology2  |  OpenMP ELL | threads=16 | schedule=guided | partition=row
 $ OMP_NUM_THREADS=16 ./spmv-omp-ell matrices/ecology2.mtx --threads=16 --schedule=guided --partition=row
==============================================================================
Reading sparse matrix from file (matrices/ecology2.mtx): done

file=matrices/ecology2.mtx rows=999999 cols=999999 nonzeros=4995991 max_row_len=5
threads=16 schedule=guided partition=row
storage: CSR 43.97 MB, ELL 40.00 MB (ELL/CSR = 0.91), padding 0.1%
correctness vs sequential CSR: PASS (relative L2 error 0.000e+00)
	Performing 800 iterations
	benchmarking OpenMP ELL-SpMV:   0.2158 ms ( 46.31 GFLOP/s 296.6 GB/s)
 -> time=0.2158 ms | 46.31 GFLOP/s | 296.6 GB/s | check=PASS


==============================================================================
 [062/248]  ecology2  |  OpenMP ELL | threads=16 | schedule=static (irrelevant for nnz) | partition=nnz
 $ OMP_NUM_THREADS=16 ./spmv-omp-ell matrices/ecology2.mtx --threads=16 --schedule=static --partition=nnz
==============================================================================
Reading sparse matrix from file (matrices/ecology2.mtx): done

file=matrices/ecology2.mtx rows=999999 cols=999999 nonzeros=4995991 max_row_len=5
threads=16 schedule=static partition=nnz
storage: CSR 43.97 MB, ELL 40.00 MB (ELL/CSR = 0.91), padding 0.1%
correctness vs sequential CSR: PASS (relative L2 error 0.000e+00)
	Performing 800 iterations
	benchmarking OpenMP ELL-SpMV:   0.6222 ms ( 16.06 GFLOP/s 102.9 GB/s)
 -> time=0.6222 ms | 16.06 GFLOP/s | 102.9 GB/s | check=PASS



##############################################################################
#  MATRIX: atmosmodd
#  m=1270432  nnz=8814880  avg=6.94  K(max)=7  K/avg=1.01  ELL/CSR=0.94  padding=0.9%  -> predicted winner: ELL
##############################################################################


==============================================================================
 [063/248]  atmosmodd  |  sequential CSR
 $ OMP_NUM_THREADS=1 ./spmv-csr matrices/atmosmodd.mtx
==============================================================================
Reading sparse matrix from file (matrices/atmosmodd.mtx): done

file=matrices/atmosmodd.mtx rows=1270432 cols=1270432 nonzeros=8814880
storage: COO 105.78 MB, CSR 75.60 MB (CSR/COO = 0.715)
	Performing 745 iterations
	benchmarking CSR-SpMV:   3.5380 ms (  4.98 GFLOP/s  32.8 GB/s)
 -> time=3.5380 ms | 4.98 GFLOP/s | 32.8 GB/s | check=base


==============================================================================
 [064/248]  atmosmodd  |  sequential ELL
 $ OMP_NUM_THREADS=1 ./spmv-ell matrices/atmosmodd.mtx
==============================================================================
Reading sparse matrix from file (matrices/atmosmodd.mtx): done

file=matrices/atmosmodd.mtx rows=1270432 cols=1270432 nonzeros=8814880 max_row_len=7
storage: COO 105.78 MB, CSR 75.60 MB, ELL 71.14 MB (ELL/CSR = 0.94)
padding: 78144 of 8893024 slots are explicit zeros (0.9%)
conversion: 7.3751 ms
correctness vs CSR: PASS (relative L2 error 0.000e+00)
	Performing 800 iterations
	benchmarking ELL-SpMV:   3.1856 ms (  5.53 GFLOP/s  35.1 GB/s)
 -> time=3.1856 ms | 5.53 GFLOP/s | 35.1 GB/s | check=PASS


==============================================================================
 [065/248]  atmosmodd  |  OpenMP CSR | threads=1 | schedule=static | partition=row
 $ OMP_NUM_THREADS=1 ./spmv-omp-csr matrices/atmosmodd.mtx --threads=1 --schedule=static --partition=row
==============================================================================
Reading sparse matrix from file (matrices/atmosmodd.mtx): done

file=matrices/atmosmodd.mtx rows=1270432 cols=1270432 nonzeros=8814880
threads=1 schedule=static partition=row
storage: CSR 75.60 MB
correctness vs sequential CSR: PASS (relative L2 error 0.000e+00)
	Performing 800 iterations
	benchmarking OpenMP CSR-SpMV:   3.5904 ms (  4.91 GFLOP/s  32.3 GB/s)
 -> time=3.5904 ms | 4.91 GFLOP/s | 32.3 GB/s | check=PASS


==============================================================================
 [066/248]  atmosmodd  |  OpenMP CSR | threads=1 | schedule=dynamic,16 | partition=row
 $ OMP_NUM_THREADS=1 ./spmv-omp-csr matrices/atmosmodd.mtx --threads=1 --schedule=dynamic,16 --partition=row
==============================================================================
Reading sparse matrix from file (matrices/atmosmodd.mtx): done

file=matrices/atmosmodd.mtx rows=1270432 cols=1270432 nonzeros=8814880
threads=1 schedule=dynamic,16 partition=row
storage: CSR 75.60 MB
correctness vs sequential CSR: PASS (relative L2 error 0.000e+00)
	Performing 750 iterations
	benchmarking OpenMP CSR-SpMV:   4.0422 ms (  4.36 GFLOP/s  28.7 GB/s)
 -> time=4.0422 ms | 4.36 GFLOP/s | 28.7 GB/s | check=PASS


==============================================================================
 [067/248]  atmosmodd  |  OpenMP CSR | threads=1 | schedule=dynamic,64 | partition=row
 $ OMP_NUM_THREADS=1 ./spmv-omp-csr matrices/atmosmodd.mtx --threads=1 --schedule=dynamic,64 --partition=row
==============================================================================
Reading sparse matrix from file (matrices/atmosmodd.mtx): done

file=matrices/atmosmodd.mtx rows=1270432 cols=1270432 nonzeros=8814880
threads=1 schedule=dynamic,64 partition=row
storage: CSR 75.60 MB
correctness vs sequential CSR: PASS (relative L2 error 0.000e+00)
	Performing 779 iterations
	benchmarking OpenMP CSR-SpMV:   3.8859 ms (  4.54 GFLOP/s  29.8 GB/s)
 -> time=3.8859 ms | 4.54 GFLOP/s | 29.8 GB/s | check=PASS


==============================================================================
 [068/248]  atmosmodd  |  OpenMP CSR | threads=1 | schedule=dynamic,256 | partition=row
 $ OMP_NUM_THREADS=1 ./spmv-omp-csr matrices/atmosmodd.mtx --threads=1 --schedule=dynamic,256 --partition=row
==============================================================================
Reading sparse matrix from file (matrices/atmosmodd.mtx): done

file=matrices/atmosmodd.mtx rows=1270432 cols=1270432 nonzeros=8814880
threads=1 schedule=dynamic,256 partition=row
storage: CSR 75.60 MB
correctness vs sequential CSR: PASS (relative L2 error 0.000e+00)
	Performing 771 iterations
	benchmarking OpenMP CSR-SpMV:   3.9483 ms (  4.47 GFLOP/s  29.4 GB/s)
 -> time=3.9483 ms | 4.47 GFLOP/s | 29.4 GB/s | check=PASS


==============================================================================
 [069/248]  atmosmodd  |  OpenMP CSR | threads=1 | schedule=guided | partition=row
 $ OMP_NUM_THREADS=1 ./spmv-omp-csr matrices/atmosmodd.mtx --threads=1 --schedule=guided --partition=row
==============================================================================
Reading sparse matrix from file (matrices/atmosmodd.mtx): done

file=matrices/atmosmodd.mtx rows=1270432 cols=1270432 nonzeros=8814880
threads=1 schedule=guided partition=row
storage: CSR 75.60 MB
correctness vs sequential CSR: PASS (relative L2 error 0.000e+00)
	Performing 800 iterations
	benchmarking OpenMP CSR-SpMV:   3.5810 ms (  4.92 GFLOP/s  32.4 GB/s)
 -> time=3.5810 ms | 4.92 GFLOP/s | 32.4 GB/s | check=PASS


==============================================================================
 [070/248]  atmosmodd  |  OpenMP CSR | threads=1 | schedule=static (irrelevant for nnz) | partition=nnz
 $ OMP_NUM_THREADS=1 ./spmv-omp-csr matrices/atmosmodd.mtx --threads=1 --schedule=static --partition=nnz
==============================================================================
Reading sparse matrix from file (matrices/atmosmodd.mtx): done

file=matrices/atmosmodd.mtx rows=1270432 cols=1270432 nonzeros=8814880
threads=1 schedule=static partition=nnz
storage: CSR 75.60 MB
correctness vs sequential CSR: PASS (relative L2 error 0.000e+00)
	Performing 789 iterations
	benchmarking OpenMP CSR-SpMV:   3.8631 ms (  4.56 GFLOP/s  30.0 GB/s)
 -> time=3.8631 ms | 4.56 GFLOP/s | 30.0 GB/s | check=PASS


==============================================================================
 [071/248]  atmosmodd  |  OpenMP CSR | threads=2 | schedule=static | partition=row
 $ OMP_NUM_THREADS=2 ./spmv-omp-csr matrices/atmosmodd.mtx --threads=2 --schedule=static --partition=row
==============================================================================
Reading sparse matrix from file (matrices/atmosmodd.mtx): done

file=matrices/atmosmodd.mtx rows=1270432 cols=1270432 nonzeros=8814880
threads=2 schedule=static partition=row
storage: CSR 75.60 MB
correctness vs sequential CSR: PASS (relative L2 error 0.000e+00)
	Performing 800 iterations
	benchmarking OpenMP CSR-SpMV:   1.8621 ms (  9.47 GFLOP/s  62.3 GB/s)
 -> time=1.8621 ms | 9.47 GFLOP/s | 62.3 GB/s | check=PASS


==============================================================================
 [072/248]  atmosmodd  |  OpenMP CSR | threads=2 | schedule=dynamic,16 | partition=row
 $ OMP_NUM_THREADS=2 ./spmv-omp-csr matrices/atmosmodd.mtx --threads=2 --schedule=dynamic,16 --partition=row
==============================================================================
Reading sparse matrix from file (matrices/atmosmodd.mtx): done

file=matrices/atmosmodd.mtx rows=1270432 cols=1270432 nonzeros=8814880
threads=2 schedule=dynamic,16 partition=row
storage: CSR 75.60 MB
correctness vs sequential CSR: PASS (relative L2 error 0.000e+00)
	Performing 232 iterations
	benchmarking OpenMP CSR-SpMV:  12.8604 ms (  1.37 GFLOP/s   9.0 GB/s)
 -> time=12.8604 ms | 1.37 GFLOP/s | 9.0 GB/s | check=PASS


==============================================================================
 [073/248]  atmosmodd  |  OpenMP CSR | threads=2 | schedule=dynamic,64 | partition=row
 $ OMP_NUM_THREADS=2 ./spmv-omp-csr matrices/atmosmodd.mtx --threads=2 --schedule=dynamic,64 --partition=row
==============================================================================
Reading sparse matrix from file (matrices/atmosmodd.mtx): done

file=matrices/atmosmodd.mtx rows=1270432 cols=1270432 nonzeros=8814880
threads=2 schedule=dynamic,64 partition=row
storage: CSR 75.60 MB
correctness vs sequential CSR: PASS (relative L2 error 0.000e+00)
	Performing 487 iterations
	benchmarking OpenMP CSR-SpMV:   5.7332 ms (  3.08 GFLOP/s  20.2 GB/s)
 -> time=5.7332 ms | 3.08 GFLOP/s | 20.2 GB/s | check=PASS


==============================================================================
 [074/248]  atmosmodd  |  OpenMP CSR | threads=2 | schedule=dynamic,256 | partition=row
 $ OMP_NUM_THREADS=2 ./spmv-omp-csr matrices/atmosmodd.mtx --threads=2 --schedule=dynamic,256 --partition=row
==============================================================================
Reading sparse matrix from file (matrices/atmosmodd.mtx): done

file=matrices/atmosmodd.mtx rows=1270432 cols=1270432 nonzeros=8814880
threads=2 schedule=dynamic,256 partition=row
storage: CSR 75.60 MB
correctness vs sequential CSR: PASS (relative L2 error 0.000e+00)
	Performing 800 iterations
	benchmarking OpenMP CSR-SpMV:   3.3328 ms (  5.29 GFLOP/s  34.8 GB/s)
 -> time=3.3328 ms | 5.29 GFLOP/s | 34.8 GB/s | check=PASS


==============================================================================
 [075/248]  atmosmodd  |  OpenMP CSR | threads=2 | schedule=guided | partition=row
 $ OMP_NUM_THREADS=2 ./spmv-omp-csr matrices/atmosmodd.mtx --threads=2 --schedule=guided --partition=row
==============================================================================
Reading sparse matrix from file (matrices/atmosmodd.mtx): done

file=matrices/atmosmodd.mtx rows=1270432 cols=1270432 nonzeros=8814880
threads=2 schedule=guided partition=row
storage: CSR 75.60 MB
correctness vs sequential CSR: PASS (relative L2 error 0.000e+00)
	Performing 800 iterations
	benchmarking OpenMP CSR-SpMV:   1.8928 ms (  9.31 GFLOP/s  61.3 GB/s)
 -> time=1.8928 ms | 9.31 GFLOP/s | 61.3 GB/s | check=PASS


==============================================================================
 [076/248]  atmosmodd  |  OpenMP CSR | threads=2 | schedule=static (irrelevant for nnz) | partition=nnz
 $ OMP_NUM_THREADS=2 ./spmv-omp-csr matrices/atmosmodd.mtx --threads=2 --schedule=static --partition=nnz
==============================================================================
Reading sparse matrix from file (matrices/atmosmodd.mtx): done

file=matrices/atmosmodd.mtx rows=1270432 cols=1270432 nonzeros=8814880
threads=2 schedule=static partition=nnz
storage: CSR 75.60 MB
correctness vs sequential CSR: PASS (relative L2 error 0.000e+00)
	Performing 800 iterations
	benchmarking OpenMP CSR-SpMV:   2.2903 ms (  7.70 GFLOP/s  50.6 GB/s)
 -> time=2.2903 ms | 7.70 GFLOP/s | 50.6 GB/s | check=PASS


==============================================================================
 [077/248]  atmosmodd  |  OpenMP CSR | threads=4 | schedule=static | partition=row
 $ OMP_NUM_THREADS=4 ./spmv-omp-csr matrices/atmosmodd.mtx --threads=4 --schedule=static --partition=row
==============================================================================
Reading sparse matrix from file (matrices/atmosmodd.mtx): done

file=matrices/atmosmodd.mtx rows=1270432 cols=1270432 nonzeros=8814880
threads=4 schedule=static partition=row
storage: CSR 75.60 MB
correctness vs sequential CSR: PASS (relative L2 error 0.000e+00)
	Performing 800 iterations
	benchmarking OpenMP CSR-SpMV:   0.9904 ms ( 17.80 GFLOP/s 117.1 GB/s)
 -> time=0.9904 ms | 17.80 GFLOP/s | 117.1 GB/s | check=PASS


==============================================================================
 [078/248]  atmosmodd  |  OpenMP CSR | threads=4 | schedule=dynamic,16 | partition=row
 $ OMP_NUM_THREADS=4 ./spmv-omp-csr matrices/atmosmodd.mtx --threads=4 --schedule=dynamic,16 --partition=row
==============================================================================
Reading sparse matrix from file (matrices/atmosmodd.mtx): done

file=matrices/atmosmodd.mtx rows=1270432 cols=1270432 nonzeros=8814880
threads=4 schedule=dynamic,16 partition=row
storage: CSR 75.60 MB
correctness vs sequential CSR: PASS (relative L2 error 0.000e+00)
	Performing 307 iterations
	benchmarking OpenMP CSR-SpMV:   9.5953 ms (  1.84 GFLOP/s  12.1 GB/s)
 -> time=9.5953 ms | 1.84 GFLOP/s | 12.1 GB/s | check=PASS


==============================================================================
 [079/248]  atmosmodd  |  OpenMP CSR | threads=4 | schedule=dynamic,64 | partition=row
 $ OMP_NUM_THREADS=4 ./spmv-omp-csr matrices/atmosmodd.mtx --threads=4 --schedule=dynamic,64 --partition=row
==============================================================================
Reading sparse matrix from file (matrices/atmosmodd.mtx): done

file=matrices/atmosmodd.mtx rows=1270432 cols=1270432 nonzeros=8814880
threads=4 schedule=dynamic,64 partition=row
storage: CSR 75.60 MB
correctness vs sequential CSR: PASS (relative L2 error 0.000e+00)
	Performing 757 iterations
	benchmarking OpenMP CSR-SpMV:   3.5859 ms (  4.92 GFLOP/s  32.3 GB/s)
 -> time=3.5859 ms | 4.92 GFLOP/s | 32.3 GB/s | check=PASS


==============================================================================
 [080/248]  atmosmodd  |  OpenMP CSR | threads=4 | schedule=dynamic,256 | partition=row
 $ OMP_NUM_THREADS=4 ./spmv-omp-csr matrices/atmosmodd.mtx --threads=4 --schedule=dynamic,256 --partition=row
==============================================================================
Reading sparse matrix from file (matrices/atmosmodd.mtx): done

file=matrices/atmosmodd.mtx rows=1270432 cols=1270432 nonzeros=8814880
threads=4 schedule=dynamic,256 partition=row
storage: CSR 75.60 MB
correctness vs sequential CSR: PASS (relative L2 error 0.000e+00)
	Performing 800 iterations
	benchmarking OpenMP CSR-SpMV:   1.6502 ms ( 10.68 GFLOP/s  70.3 GB/s)
 -> time=1.6502 ms | 10.68 GFLOP/s | 70.3 GB/s | check=PASS


==============================================================================
 [081/248]  atmosmodd  |  OpenMP CSR | threads=4 | schedule=guided | partition=row
 $ OMP_NUM_THREADS=4 ./spmv-omp-csr matrices/atmosmodd.mtx --threads=4 --schedule=guided --partition=row
==============================================================================
Reading sparse matrix from file (matrices/atmosmodd.mtx): done

file=matrices/atmosmodd.mtx rows=1270432 cols=1270432 nonzeros=8814880
threads=4 schedule=guided partition=row
storage: CSR 75.60 MB
correctness vs sequential CSR: PASS (relative L2 error 0.000e+00)
	Performing 800 iterations
	benchmarking OpenMP CSR-SpMV:   0.9772 ms ( 18.04 GFLOP/s 118.6 GB/s)
 -> time=0.9772 ms | 18.04 GFLOP/s | 118.6 GB/s | check=PASS


==============================================================================
 [082/248]  atmosmodd  |  OpenMP CSR | threads=4 | schedule=static (irrelevant for nnz) | partition=nnz
 $ OMP_NUM_THREADS=4 ./spmv-omp-csr matrices/atmosmodd.mtx --threads=4 --schedule=static --partition=nnz
==============================================================================
Reading sparse matrix from file (matrices/atmosmodd.mtx): done

file=matrices/atmosmodd.mtx rows=1270432 cols=1270432 nonzeros=8814880
threads=4 schedule=static partition=nnz
storage: CSR 75.60 MB
correctness vs sequential CSR: PASS (relative L2 error 0.000e+00)
	Performing 800 iterations
	benchmarking OpenMP CSR-SpMV:   1.4708 ms ( 11.99 GFLOP/s  78.8 GB/s)
 -> time=1.4708 ms | 11.99 GFLOP/s | 78.8 GB/s | check=PASS


==============================================================================
 [083/248]  atmosmodd  |  OpenMP CSR | threads=8 | schedule=static | partition=row
 $ OMP_NUM_THREADS=8 ./spmv-omp-csr matrices/atmosmodd.mtx --threads=8 --schedule=static --partition=row
==============================================================================
Reading sparse matrix from file (matrices/atmosmodd.mtx): done

file=matrices/atmosmodd.mtx rows=1270432 cols=1270432 nonzeros=8814880
threads=8 schedule=static partition=row
storage: CSR 75.60 MB
correctness vs sequential CSR: PASS (relative L2 error 0.000e+00)
	Performing 800 iterations
	benchmarking OpenMP CSR-SpMV:   0.5318 ms ( 33.15 GFLOP/s 218.0 GB/s)
 -> time=0.5318 ms | 33.15 GFLOP/s | 218.0 GB/s | check=PASS


==============================================================================
 [084/248]  atmosmodd  |  OpenMP CSR | threads=8 | schedule=dynamic,16 | partition=row
 $ OMP_NUM_THREADS=8 ./spmv-omp-csr matrices/atmosmodd.mtx --threads=8 --schedule=dynamic,16 --partition=row
==============================================================================
Reading sparse matrix from file (matrices/atmosmodd.mtx): done

file=matrices/atmosmodd.mtx rows=1270432 cols=1270432 nonzeros=8814880
threads=8 schedule=dynamic,16 partition=row
storage: CSR 75.60 MB
correctness vs sequential CSR: PASS (relative L2 error 0.000e+00)
	Performing 476 iterations
	benchmarking OpenMP CSR-SpMV:   6.0325 ms (  2.92 GFLOP/s  19.2 GB/s)
 -> time=6.0325 ms | 2.92 GFLOP/s | 19.2 GB/s | check=PASS


==============================================================================
 [085/248]  atmosmodd  |  OpenMP CSR | threads=8 | schedule=dynamic,64 | partition=row
 $ OMP_NUM_THREADS=8 ./spmv-omp-csr matrices/atmosmodd.mtx --threads=8 --schedule=dynamic,64 --partition=row
==============================================================================
Reading sparse matrix from file (matrices/atmosmodd.mtx): done

file=matrices/atmosmodd.mtx rows=1270432 cols=1270432 nonzeros=8814880
threads=8 schedule=dynamic,64 partition=row
storage: CSR 75.60 MB
correctness vs sequential CSR: PASS (relative L2 error 0.000e+00)
	Performing 800 iterations
	benchmarking OpenMP CSR-SpMV:   2.1040 ms (  8.38 GFLOP/s  55.1 GB/s)
 -> time=2.1040 ms | 8.38 GFLOP/s | 55.1 GB/s | check=PASS


==============================================================================
 [086/248]  atmosmodd  |  OpenMP CSR | threads=8 | schedule=dynamic,256 | partition=row
 $ OMP_NUM_THREADS=8 ./spmv-omp-csr matrices/atmosmodd.mtx --threads=8 --schedule=dynamic,256 --partition=row
==============================================================================
Reading sparse matrix from file (matrices/atmosmodd.mtx): done

file=matrices/atmosmodd.mtx rows=1270432 cols=1270432 nonzeros=8814880
threads=8 schedule=dynamic,256 partition=row
storage: CSR 75.60 MB
correctness vs sequential CSR: PASS (relative L2 error 0.000e+00)
	Performing 800 iterations
	benchmarking OpenMP CSR-SpMV:   0.9117 ms ( 19.34 GFLOP/s 127.2 GB/s)
 -> time=0.9117 ms | 19.34 GFLOP/s | 127.2 GB/s | check=PASS


==============================================================================
 [087/248]  atmosmodd  |  OpenMP CSR | threads=8 | schedule=guided | partition=row
 $ OMP_NUM_THREADS=8 ./spmv-omp-csr matrices/atmosmodd.mtx --threads=8 --schedule=guided --partition=row
==============================================================================
Reading sparse matrix from file (matrices/atmosmodd.mtx): done

file=matrices/atmosmodd.mtx rows=1270432 cols=1270432 nonzeros=8814880
threads=8 schedule=guided partition=row
storage: CSR 75.60 MB
correctness vs sequential CSR: PASS (relative L2 error 0.000e+00)
	Performing 800 iterations
	benchmarking OpenMP CSR-SpMV:   0.5340 ms ( 33.02 GFLOP/s 217.1 GB/s)
 -> time=0.5340 ms | 33.02 GFLOP/s | 217.1 GB/s | check=PASS


==============================================================================
 [088/248]  atmosmodd  |  OpenMP CSR | threads=8 | schedule=static (irrelevant for nnz) | partition=nnz
 $ OMP_NUM_THREADS=8 ./spmv-omp-csr matrices/atmosmodd.mtx --threads=8 --schedule=static --partition=nnz
==============================================================================
Reading sparse matrix from file (matrices/atmosmodd.mtx): done

file=matrices/atmosmodd.mtx rows=1270432 cols=1270432 nonzeros=8814880
threads=8 schedule=static partition=nnz
storage: CSR 75.60 MB
correctness vs sequential CSR: PASS (relative L2 error 0.000e+00)
	Performing 800 iterations
	benchmarking OpenMP CSR-SpMV:   1.1160 ms ( 15.80 GFLOP/s 103.9 GB/s)
 -> time=1.1160 ms | 15.80 GFLOP/s | 103.9 GB/s | check=PASS


==============================================================================
 [089/248]  atmosmodd  |  OpenMP CSR | threads=16 | schedule=static | partition=row
 $ OMP_NUM_THREADS=16 ./spmv-omp-csr matrices/atmosmodd.mtx --threads=16 --schedule=static --partition=row
==============================================================================
Reading sparse matrix from file (matrices/atmosmodd.mtx): done

file=matrices/atmosmodd.mtx rows=1270432 cols=1270432 nonzeros=8814880
threads=16 schedule=static partition=row
storage: CSR 75.60 MB
correctness vs sequential CSR: PASS (relative L2 error 0.000e+00)
	Performing 800 iterations
	benchmarking OpenMP CSR-SpMV:   0.3688 ms ( 47.81 GFLOP/s 314.4 GB/s)
 -> time=0.3688 ms | 47.81 GFLOP/s | 314.4 GB/s | check=PASS


==============================================================================
 [090/248]  atmosmodd  |  OpenMP CSR | threads=16 | schedule=dynamic,16 | partition=row
 $ OMP_NUM_THREADS=16 ./spmv-omp-csr matrices/atmosmodd.mtx --threads=16 --schedule=dynamic,16 --partition=row
==============================================================================
Reading sparse matrix from file (matrices/atmosmodd.mtx): done

file=matrices/atmosmodd.mtx rows=1270432 cols=1270432 nonzeros=8814880
threads=16 schedule=dynamic,16 partition=row
storage: CSR 75.60 MB
correctness vs sequential CSR: PASS (relative L2 error 0.000e+00)
	Performing 800 iterations
	benchmarking OpenMP CSR-SpMV:   3.2735 ms (  5.39 GFLOP/s  35.4 GB/s)
 -> time=3.2735 ms | 5.39 GFLOP/s | 35.4 GB/s | check=PASS


==============================================================================
 [091/248]  atmosmodd  |  OpenMP CSR | threads=16 | schedule=dynamic,64 | partition=row
 $ OMP_NUM_THREADS=16 ./spmv-omp-csr matrices/atmosmodd.mtx --threads=16 --schedule=dynamic,64 --partition=row
==============================================================================
Reading sparse matrix from file (matrices/atmosmodd.mtx): done

file=matrices/atmosmodd.mtx rows=1270432 cols=1270432 nonzeros=8814880
threads=16 schedule=dynamic,64 partition=row
storage: CSR 75.60 MB
correctness vs sequential CSR: PASS (relative L2 error 0.000e+00)
	Performing 800 iterations
	benchmarking OpenMP CSR-SpMV:   1.2926 ms ( 13.64 GFLOP/s  89.7 GB/s)
 -> time=1.2926 ms | 13.64 GFLOP/s | 89.7 GB/s | check=PASS


==============================================================================
 [092/248]  atmosmodd  |  OpenMP CSR | threads=16 | schedule=dynamic,256 | partition=row
 $ OMP_NUM_THREADS=16 ./spmv-omp-csr matrices/atmosmodd.mtx --threads=16 --schedule=dynamic,256 --partition=row
==============================================================================
Reading sparse matrix from file (matrices/atmosmodd.mtx): done

file=matrices/atmosmodd.mtx rows=1270432 cols=1270432 nonzeros=8814880
threads=16 schedule=dynamic,256 partition=row
storage: CSR 75.60 MB
correctness vs sequential CSR: PASS (relative L2 error 0.000e+00)
	Performing 800 iterations
	benchmarking OpenMP CSR-SpMV:   0.6001 ms ( 29.38 GFLOP/s 193.2 GB/s)
 -> time=0.6001 ms | 29.38 GFLOP/s | 193.2 GB/s | check=PASS


==============================================================================
 [093/248]  atmosmodd  |  OpenMP CSR | threads=16 | schedule=guided | partition=row
 $ OMP_NUM_THREADS=16 ./spmv-omp-csr matrices/atmosmodd.mtx --threads=16 --schedule=guided --partition=row
==============================================================================
Reading sparse matrix from file (matrices/atmosmodd.mtx): done

file=matrices/atmosmodd.mtx rows=1270432 cols=1270432 nonzeros=8814880
threads=16 schedule=guided partition=row
storage: CSR 75.60 MB
correctness vs sequential CSR: PASS (relative L2 error 0.000e+00)
	Performing 800 iterations
	benchmarking OpenMP CSR-SpMV:   0.4376 ms ( 40.29 GFLOP/s 265.0 GB/s)
 -> time=0.4376 ms | 40.29 GFLOP/s | 265.0 GB/s | check=PASS


==============================================================================
 [094/248]  atmosmodd  |  OpenMP CSR | threads=16 | schedule=static (irrelevant for nnz) | partition=nnz
 $ OMP_NUM_THREADS=16 ./spmv-omp-csr matrices/atmosmodd.mtx --threads=16 --schedule=static --partition=nnz
==============================================================================
Reading sparse matrix from file (matrices/atmosmodd.mtx): done

file=matrices/atmosmodd.mtx rows=1270432 cols=1270432 nonzeros=8814880
threads=16 schedule=static partition=nnz
storage: CSR 75.60 MB
correctness vs sequential CSR: PASS (relative L2 error 0.000e+00)
	Performing 800 iterations
	benchmarking OpenMP CSR-SpMV:   0.9379 ms ( 18.80 GFLOP/s 123.6 GB/s)
 -> time=0.9379 ms | 18.80 GFLOP/s | 123.6 GB/s | check=PASS


==============================================================================
 [095/248]  atmosmodd  |  OpenMP ELL | threads=1 | schedule=static | partition=row
 $ OMP_NUM_THREADS=1 ./spmv-omp-ell matrices/atmosmodd.mtx --threads=1 --schedule=static --partition=row
==============================================================================
Reading sparse matrix from file (matrices/atmosmodd.mtx): done

file=matrices/atmosmodd.mtx rows=1270432 cols=1270432 nonzeros=8814880 max_row_len=7
threads=1 schedule=static partition=row
storage: CSR 75.60 MB, ELL 71.14 MB (ELL/CSR = 0.94), padding 0.9%
correctness vs sequential CSR: PASS (relative L2 error 0.000e+00)
	Performing 800 iterations
	benchmarking OpenMP ELL-SpMV:   3.1140 ms (  5.66 GFLOP/s  35.9 GB/s)
 -> time=3.1140 ms | 5.66 GFLOP/s | 35.9 GB/s | check=PASS


==============================================================================
 [096/248]  atmosmodd  |  OpenMP ELL | threads=1 | schedule=dynamic,16 | partition=row
 $ OMP_NUM_THREADS=1 ./spmv-omp-ell matrices/atmosmodd.mtx --threads=1 --schedule=dynamic,16 --partition=row
==============================================================================
Reading sparse matrix from file (matrices/atmosmodd.mtx): done

file=matrices/atmosmodd.mtx rows=1270432 cols=1270432 nonzeros=8814880 max_row_len=7
threads=1 schedule=dynamic,16 partition=row
storage: CSR 75.60 MB, ELL 71.14 MB (ELL/CSR = 0.94), padding 0.9%
correctness vs sequential CSR: PASS (relative L2 error 0.000e+00)
	Performing 800 iterations
	benchmarking OpenMP ELL-SpMV:   3.4061 ms (  5.18 GFLOP/s  32.8 GB/s)
 -> time=3.4061 ms | 5.18 GFLOP/s | 32.8 GB/s | check=PASS


==============================================================================
 [097/248]  atmosmodd  |  OpenMP ELL | threads=1 | schedule=dynamic,64 | partition=row
 $ OMP_NUM_THREADS=1 ./spmv-omp-ell matrices/atmosmodd.mtx --threads=1 --schedule=dynamic,64 --partition=row
==============================================================================
Reading sparse matrix from file (matrices/atmosmodd.mtx): done

file=matrices/atmosmodd.mtx rows=1270432 cols=1270432 nonzeros=8814880 max_row_len=7
threads=1 schedule=dynamic,64 partition=row
storage: CSR 75.60 MB, ELL 71.14 MB (ELL/CSR = 0.94), padding 0.9%
correctness vs sequential CSR: PASS (relative L2 error 0.000e+00)
	Performing 800 iterations
	benchmarking OpenMP ELL-SpMV:   3.2019 ms (  5.51 GFLOP/s  34.9 GB/s)
 -> time=3.2019 ms | 5.51 GFLOP/s | 34.9 GB/s | check=PASS


==============================================================================
 [098/248]  atmosmodd  |  OpenMP ELL | threads=1 | schedule=dynamic,256 | partition=row
 $ OMP_NUM_THREADS=1 ./spmv-omp-ell matrices/atmosmodd.mtx --threads=1 --schedule=dynamic,256 --partition=row
==============================================================================
Reading sparse matrix from file (matrices/atmosmodd.mtx): done

file=matrices/atmosmodd.mtx rows=1270432 cols=1270432 nonzeros=8814880 max_row_len=7
threads=1 schedule=dynamic,256 partition=row
storage: CSR 75.60 MB, ELL 71.14 MB (ELL/CSR = 0.94), padding 0.9%
correctness vs sequential CSR: PASS (relative L2 error 0.000e+00)
	Performing 800 iterations
	benchmarking OpenMP ELL-SpMV:   3.2009 ms (  5.51 GFLOP/s  34.9 GB/s)
 -> time=3.2009 ms | 5.51 GFLOP/s | 34.9 GB/s | check=PASS


==============================================================================
 [099/248]  atmosmodd  |  OpenMP ELL | threads=1 | schedule=guided | partition=row
 $ OMP_NUM_THREADS=1 ./spmv-omp-ell matrices/atmosmodd.mtx --threads=1 --schedule=guided --partition=row
==============================================================================
Reading sparse matrix from file (matrices/atmosmodd.mtx): done

file=matrices/atmosmodd.mtx rows=1270432 cols=1270432 nonzeros=8814880 max_row_len=7
threads=1 schedule=guided partition=row
storage: CSR 75.60 MB, ELL 71.14 MB (ELL/CSR = 0.94), padding 0.9%
correctness vs sequential CSR: PASS (relative L2 error 0.000e+00)
	Performing 800 iterations
	benchmarking OpenMP ELL-SpMV:   3.0856 ms (  5.71 GFLOP/s  36.2 GB/s)
 -> time=3.0856 ms | 5.71 GFLOP/s | 36.2 GB/s | check=PASS


==============================================================================
 [100/248]  atmosmodd  |  OpenMP ELL | threads=1 | schedule=static (irrelevant for nnz) | partition=nnz
 $ OMP_NUM_THREADS=1 ./spmv-omp-ell matrices/atmosmodd.mtx --threads=1 --schedule=static --partition=nnz
==============================================================================
Reading sparse matrix from file (matrices/atmosmodd.mtx): done

file=matrices/atmosmodd.mtx rows=1270432 cols=1270432 nonzeros=8814880 max_row_len=7
threads=1 schedule=static partition=nnz
storage: CSR 75.60 MB, ELL 71.14 MB (ELL/CSR = 0.94), padding 0.9%
correctness vs sequential CSR: PASS (relative L2 error 0.000e+00)
	Performing 800 iterations
	benchmarking OpenMP ELL-SpMV:   3.4960 ms (  5.04 GFLOP/s  32.0 GB/s)
 -> time=3.4960 ms | 5.04 GFLOP/s | 32.0 GB/s | check=PASS


==============================================================================
 [101/248]  atmosmodd  |  OpenMP ELL | threads=2 | schedule=static | partition=row
 $ OMP_NUM_THREADS=2 ./spmv-omp-ell matrices/atmosmodd.mtx --threads=2 --schedule=static --partition=row
==============================================================================
Reading sparse matrix from file (matrices/atmosmodd.mtx): done

file=matrices/atmosmodd.mtx rows=1270432 cols=1270432 nonzeros=8814880 max_row_len=7
threads=2 schedule=static partition=row
storage: CSR 75.60 MB, ELL 71.14 MB (ELL/CSR = 0.94), padding 0.9%
correctness vs sequential CSR: PASS (relative L2 error 0.000e+00)
	Performing 800 iterations
	benchmarking OpenMP ELL-SpMV:   1.5993 ms ( 11.02 GFLOP/s  69.9 GB/s)
 -> time=1.5993 ms | 11.02 GFLOP/s | 69.9 GB/s | check=PASS


==============================================================================
 [102/248]  atmosmodd  |  OpenMP ELL | threads=2 | schedule=dynamic,16 | partition=row
 $ OMP_NUM_THREADS=2 ./spmv-omp-ell matrices/atmosmodd.mtx --threads=2 --schedule=dynamic,16 --partition=row
==============================================================================
Reading sparse matrix from file (matrices/atmosmodd.mtx): done

file=matrices/atmosmodd.mtx rows=1270432 cols=1270432 nonzeros=8814880 max_row_len=7
threads=2 schedule=dynamic,16 partition=row
storage: CSR 75.60 MB, ELL 71.14 MB (ELL/CSR = 0.94), padding 0.9%
correctness vs sequential CSR: PASS (relative L2 error 0.000e+00)
	Performing 234 iterations
	benchmarking OpenMP ELL-SpMV:  12.7976 ms (  1.38 GFLOP/s   8.7 GB/s)
 -> time=12.7976 ms | 1.38 GFLOP/s | 8.7 GB/s | check=PASS


==============================================================================
 [103/248]  atmosmodd  |  OpenMP ELL | threads=2 | schedule=dynamic,64 | partition=row
 $ OMP_NUM_THREADS=2 ./spmv-omp-ell matrices/atmosmodd.mtx --threads=2 --schedule=dynamic,64 --partition=row
==============================================================================
Reading sparse matrix from file (matrices/atmosmodd.mtx): done

file=matrices/atmosmodd.mtx rows=1270432 cols=1270432 nonzeros=8814880 max_row_len=7
threads=2 schedule=dynamic,64 partition=row
storage: CSR 75.60 MB, ELL 71.14 MB (ELL/CSR = 0.94), padding 0.9%
correctness vs sequential CSR: PASS (relative L2 error 0.000e+00)
	Performing 554 iterations
	benchmarking OpenMP ELL-SpMV:   4.6745 ms (  3.77 GFLOP/s  23.9 GB/s)
 -> time=4.6745 ms | 3.77 GFLOP/s | 23.9 GB/s | check=PASS


==============================================================================
 [104/248]  atmosmodd  |  OpenMP ELL | threads=2 | schedule=dynamic,256 | partition=row
 $ OMP_NUM_THREADS=2 ./spmv-omp-ell matrices/atmosmodd.mtx --threads=2 --schedule=dynamic,256 --partition=row
==============================================================================
Reading sparse matrix from file (matrices/atmosmodd.mtx): done

file=matrices/atmosmodd.mtx rows=1270432 cols=1270432 nonzeros=8814880 max_row_len=7
threads=2 schedule=dynamic,256 partition=row
storage: CSR 75.60 MB, ELL 71.14 MB (ELL/CSR = 0.94), padding 0.9%
correctness vs sequential CSR: PASS (relative L2 error 0.000e+00)
	Performing 800 iterations
	benchmarking OpenMP ELL-SpMV:   2.9550 ms (  5.97 GFLOP/s  37.8 GB/s)
 -> time=2.9550 ms | 5.97 GFLOP/s | 37.8 GB/s | check=PASS


==============================================================================
 [105/248]  atmosmodd  |  OpenMP ELL | threads=2 | schedule=guided | partition=row
 $ OMP_NUM_THREADS=2 ./spmv-omp-ell matrices/atmosmodd.mtx --threads=2 --schedule=guided --partition=row
==============================================================================
Reading sparse matrix from file (matrices/atmosmodd.mtx): done

file=matrices/atmosmodd.mtx rows=1270432 cols=1270432 nonzeros=8814880 max_row_len=7
threads=2 schedule=guided partition=row
storage: CSR 75.60 MB, ELL 71.14 MB (ELL/CSR = 0.94), padding 0.9%
correctness vs sequential CSR: PASS (relative L2 error 0.000e+00)
	Performing 800 iterations
	benchmarking OpenMP ELL-SpMV:   1.6941 ms ( 10.41 GFLOP/s  66.0 GB/s)
 -> time=1.6941 ms | 10.41 GFLOP/s | 66.0 GB/s | check=PASS


==============================================================================
 [106/248]  atmosmodd  |  OpenMP ELL | threads=2 | schedule=static (irrelevant for nnz) | partition=nnz
 $ OMP_NUM_THREADS=2 ./spmv-omp-ell matrices/atmosmodd.mtx --threads=2 --schedule=static --partition=nnz
==============================================================================
Reading sparse matrix from file (matrices/atmosmodd.mtx): done

file=matrices/atmosmodd.mtx rows=1270432 cols=1270432 nonzeros=8814880 max_row_len=7
threads=2 schedule=static partition=nnz
storage: CSR 75.60 MB, ELL 71.14 MB (ELL/CSR = 0.94), padding 0.9%
correctness vs sequential CSR: PASS (relative L2 error 0.000e+00)
	Performing 800 iterations
	benchmarking OpenMP ELL-SpMV:   2.1501 ms (  8.20 GFLOP/s  52.0 GB/s)
 -> time=2.1501 ms | 8.20 GFLOP/s | 52.0 GB/s | check=PASS


==============================================================================
 [107/248]  atmosmodd  |  OpenMP ELL | threads=4 | schedule=static | partition=row
 $ OMP_NUM_THREADS=4 ./spmv-omp-ell matrices/atmosmodd.mtx --threads=4 --schedule=static --partition=row
==============================================================================
Reading sparse matrix from file (matrices/atmosmodd.mtx): done

file=matrices/atmosmodd.mtx rows=1270432 cols=1270432 nonzeros=8814880 max_row_len=7
threads=4 schedule=static partition=row
storage: CSR 75.60 MB, ELL 71.14 MB (ELL/CSR = 0.94), padding 0.9%
correctness vs sequential CSR: PASS (relative L2 error 0.000e+00)
	Performing 800 iterations
	benchmarking OpenMP ELL-SpMV:   0.8558 ms ( 20.60 GFLOP/s 130.6 GB/s)
 -> time=0.8558 ms | 20.60 GFLOP/s | 130.6 GB/s | check=PASS


==============================================================================
 [108/248]  atmosmodd  |  OpenMP ELL | threads=4 | schedule=dynamic,16 | partition=row
 $ OMP_NUM_THREADS=4 ./spmv-omp-ell matrices/atmosmodd.mtx --threads=4 --schedule=dynamic,16 --partition=row
==============================================================================
Reading sparse matrix from file (matrices/atmosmodd.mtx): done

file=matrices/atmosmodd.mtx rows=1270432 cols=1270432 nonzeros=8814880 max_row_len=7
threads=4 schedule=dynamic,16 partition=row
storage: CSR 75.60 MB, ELL 71.14 MB (ELL/CSR = 0.94), padding 0.9%
correctness vs sequential CSR: PASS (relative L2 error 0.000e+00)
	Performing 331 iterations
	benchmarking OpenMP ELL-SpMV:   8.8306 ms (  2.00 GFLOP/s  12.7 GB/s)
 -> time=8.8306 ms | 2.00 GFLOP/s | 12.7 GB/s | check=PASS


==============================================================================
 [109/248]  atmosmodd  |  OpenMP ELL | threads=4 | schedule=dynamic,64 | partition=row
 $ OMP_NUM_THREADS=4 ./spmv-omp-ell matrices/atmosmodd.mtx --threads=4 --schedule=dynamic,64 --partition=row
==============================================================================
Reading sparse matrix from file (matrices/atmosmodd.mtx): done

file=matrices/atmosmodd.mtx rows=1270432 cols=1270432 nonzeros=8814880 max_row_len=7
threads=4 schedule=dynamic,64 partition=row
storage: CSR 75.60 MB, ELL 71.14 MB (ELL/CSR = 0.94), padding 0.9%
correctness vs sequential CSR: PASS (relative L2 error 0.000e+00)
	Performing 800 iterations
	benchmarking OpenMP ELL-SpMV:   2.8001 ms (  6.30 GFLOP/s  39.9 GB/s)
 -> time=2.8001 ms | 6.30 GFLOP/s | 39.9 GB/s | check=PASS


==============================================================================
 [110/248]  atmosmodd  |  OpenMP ELL | threads=4 | schedule=dynamic,256 | partition=row
 $ OMP_NUM_THREADS=4 ./spmv-omp-ell matrices/atmosmodd.mtx --threads=4 --schedule=dynamic,256 --partition=row
==============================================================================
Reading sparse matrix from file (matrices/atmosmodd.mtx): done

file=matrices/atmosmodd.mtx rows=1270432 cols=1270432 nonzeros=8814880 max_row_len=7
threads=4 schedule=dynamic,256 partition=row
storage: CSR 75.60 MB, ELL 71.14 MB (ELL/CSR = 0.94), padding 0.9%
correctness vs sequential CSR: PASS (relative L2 error 0.000e+00)
	Performing 800 iterations
	benchmarking OpenMP ELL-SpMV:   1.4360 ms ( 12.28 GFLOP/s  77.9 GB/s)
 -> time=1.4360 ms | 12.28 GFLOP/s | 77.9 GB/s | check=PASS


==============================================================================
 [111/248]  atmosmodd  |  OpenMP ELL | threads=4 | schedule=guided | partition=row
 $ OMP_NUM_THREADS=4 ./spmv-omp-ell matrices/atmosmodd.mtx --threads=4 --schedule=guided --partition=row
==============================================================================
Reading sparse matrix from file (matrices/atmosmodd.mtx): done

file=matrices/atmosmodd.mtx rows=1270432 cols=1270432 nonzeros=8814880 max_row_len=7
threads=4 schedule=guided partition=row
storage: CSR 75.60 MB, ELL 71.14 MB (ELL/CSR = 0.94), padding 0.9%
correctness vs sequential CSR: PASS (relative L2 error 0.000e+00)
	Performing 800 iterations
	benchmarking OpenMP ELL-SpMV:   0.8411 ms ( 20.96 GFLOP/s 132.9 GB/s)
 -> time=0.8411 ms | 20.96 GFLOP/s | 132.9 GB/s | check=PASS


==============================================================================
 [112/248]  atmosmodd  |  OpenMP ELL | threads=4 | schedule=static (irrelevant for nnz) | partition=nnz
 $ OMP_NUM_THREADS=4 ./spmv-omp-ell matrices/atmosmodd.mtx --threads=4 --schedule=static --partition=nnz
==============================================================================
Reading sparse matrix from file (matrices/atmosmodd.mtx): done

file=matrices/atmosmodd.mtx rows=1270432 cols=1270432 nonzeros=8814880 max_row_len=7
threads=4 schedule=static partition=nnz
storage: CSR 75.60 MB, ELL 71.14 MB (ELL/CSR = 0.94), padding 0.9%
correctness vs sequential CSR: PASS (relative L2 error 0.000e+00)
	Performing 800 iterations
	benchmarking OpenMP ELL-SpMV:   1.4260 ms ( 12.36 GFLOP/s  78.4 GB/s)
 -> time=1.4260 ms | 12.36 GFLOP/s | 78.4 GB/s | check=PASS


==============================================================================
 [113/248]  atmosmodd  |  OpenMP ELL | threads=8 | schedule=static | partition=row
 $ OMP_NUM_THREADS=8 ./spmv-omp-ell matrices/atmosmodd.mtx --threads=8 --schedule=static --partition=row
==============================================================================
Reading sparse matrix from file (matrices/atmosmodd.mtx): done

file=matrices/atmosmodd.mtx rows=1270432 cols=1270432 nonzeros=8814880 max_row_len=7
threads=8 schedule=static partition=row
storage: CSR 75.60 MB, ELL 71.14 MB (ELL/CSR = 0.94), padding 0.9%
correctness vs sequential CSR: PASS (relative L2 error 0.000e+00)
	Performing 800 iterations
	benchmarking OpenMP ELL-SpMV:   0.4560 ms ( 38.66 GFLOP/s 245.2 GB/s)
 -> time=0.4560 ms | 38.66 GFLOP/s | 245.2 GB/s | check=PASS


==============================================================================
 [114/248]  atmosmodd  |  OpenMP ELL | threads=8 | schedule=dynamic,16 | partition=row
 $ OMP_NUM_THREADS=8 ./spmv-omp-ell matrices/atmosmodd.mtx --threads=8 --schedule=dynamic,16 --partition=row
==============================================================================
Reading sparse matrix from file (matrices/atmosmodd.mtx): done

file=matrices/atmosmodd.mtx rows=1270432 cols=1270432 nonzeros=8814880 max_row_len=7
threads=8 schedule=dynamic,16 partition=row
storage: CSR 75.60 MB, ELL 71.14 MB (ELL/CSR = 0.94), padding 0.9%
correctness vs sequential CSR: PASS (relative L2 error 0.000e+00)
	Performing 547 iterations
	benchmarking OpenMP ELL-SpMV:   5.1971 ms (  3.39 GFLOP/s  21.5 GB/s)
 -> time=5.1971 ms | 3.39 GFLOP/s | 21.5 GB/s | check=PASS


==============================================================================
 [115/248]  atmosmodd  |  OpenMP ELL | threads=8 | schedule=dynamic,64 | partition=row
 $ OMP_NUM_THREADS=8 ./spmv-omp-ell matrices/atmosmodd.mtx --threads=8 --schedule=dynamic,64 --partition=row
==============================================================================
Reading sparse matrix from file (matrices/atmosmodd.mtx): done

file=matrices/atmosmodd.mtx rows=1270432 cols=1270432 nonzeros=8814880 max_row_len=7
threads=8 schedule=dynamic,64 partition=row
storage: CSR 75.60 MB, ELL 71.14 MB (ELL/CSR = 0.94), padding 0.9%
correctness vs sequential CSR: PASS (relative L2 error 0.000e+00)
	Performing 800 iterations
	benchmarking OpenMP ELL-SpMV:   1.7651 ms (  9.99 GFLOP/s  63.3 GB/s)
 -> time=1.7651 ms | 9.99 GFLOP/s | 63.3 GB/s | check=PASS


==============================================================================
 [116/248]  atmosmodd  |  OpenMP ELL | threads=8 | schedule=dynamic,256 | partition=row
 $ OMP_NUM_THREADS=8 ./spmv-omp-ell matrices/atmosmodd.mtx --threads=8 --schedule=dynamic,256 --partition=row
==============================================================================
Reading sparse matrix from file (matrices/atmosmodd.mtx): done

file=matrices/atmosmodd.mtx rows=1270432 cols=1270432 nonzeros=8814880 max_row_len=7
threads=8 schedule=dynamic,256 partition=row
storage: CSR 75.60 MB, ELL 71.14 MB (ELL/CSR = 0.94), padding 0.9%
correctness vs sequential CSR: PASS (relative L2 error 0.000e+00)
	Performing 800 iterations
	benchmarking OpenMP ELL-SpMV:   0.8112 ms ( 21.73 GFLOP/s 137.8 GB/s)
 -> time=0.8112 ms | 21.73 GFLOP/s | 137.8 GB/s | check=PASS


==============================================================================
 [117/248]  atmosmodd  |  OpenMP ELL | threads=8 | schedule=guided | partition=row
 $ OMP_NUM_THREADS=8 ./spmv-omp-ell matrices/atmosmodd.mtx --threads=8 --schedule=guided --partition=row
==============================================================================
Reading sparse matrix from file (matrices/atmosmodd.mtx): done

file=matrices/atmosmodd.mtx rows=1270432 cols=1270432 nonzeros=8814880 max_row_len=7
threads=8 schedule=guided partition=row
storage: CSR 75.60 MB, ELL 71.14 MB (ELL/CSR = 0.94), padding 0.9%
correctness vs sequential CSR: PASS (relative L2 error 0.000e+00)
	Performing 800 iterations
	benchmarking OpenMP ELL-SpMV:   0.4739 ms ( 37.20 GFLOP/s 235.9 GB/s)
 -> time=0.4739 ms | 37.20 GFLOP/s | 235.9 GB/s | check=PASS


==============================================================================
 [118/248]  atmosmodd  |  OpenMP ELL | threads=8 | schedule=static (irrelevant for nnz) | partition=nnz
 $ OMP_NUM_THREADS=8 ./spmv-omp-ell matrices/atmosmodd.mtx --threads=8 --schedule=static --partition=nnz
==============================================================================
Reading sparse matrix from file (matrices/atmosmodd.mtx): done

file=matrices/atmosmodd.mtx rows=1270432 cols=1270432 nonzeros=8814880 max_row_len=7
threads=8 schedule=static partition=nnz
storage: CSR 75.60 MB, ELL 71.14 MB (ELL/CSR = 0.94), padding 0.9%
correctness vs sequential CSR: PASS (relative L2 error 0.000e+00)
	Performing 800 iterations
	benchmarking OpenMP ELL-SpMV:   1.0248 ms ( 17.20 GFLOP/s 109.1 GB/s)
 -> time=1.0248 ms | 17.20 GFLOP/s | 109.1 GB/s | check=PASS


==============================================================================
 [119/248]  atmosmodd  |  OpenMP ELL | threads=16 | schedule=static | partition=row
 $ OMP_NUM_THREADS=16 ./spmv-omp-ell matrices/atmosmodd.mtx --threads=16 --schedule=static --partition=row
==============================================================================
Reading sparse matrix from file (matrices/atmosmodd.mtx): done

file=matrices/atmosmodd.mtx rows=1270432 cols=1270432 nonzeros=8814880 max_row_len=7
threads=16 schedule=static partition=row
storage: CSR 75.60 MB, ELL 71.14 MB (ELL/CSR = 0.94), padding 0.9%
correctness vs sequential CSR: PASS (relative L2 error 0.000e+00)
	Performing 800 iterations
	benchmarking OpenMP ELL-SpMV:   0.3088 ms ( 57.10 GFLOP/s 362.1 GB/s)
 -> time=0.3088 ms | 57.10 GFLOP/s | 362.1 GB/s | check=PASS


==============================================================================
 [120/248]  atmosmodd  |  OpenMP ELL | threads=16 | schedule=dynamic,16 | partition=row
 $ OMP_NUM_THREADS=16 ./spmv-omp-ell matrices/atmosmodd.mtx --threads=16 --schedule=dynamic,16 --partition=row
==============================================================================
Reading sparse matrix from file (matrices/atmosmodd.mtx): done

file=matrices/atmosmodd.mtx rows=1270432 cols=1270432 nonzeros=8814880 max_row_len=7
threads=16 schedule=dynamic,16 partition=row
storage: CSR 75.60 MB, ELL 71.14 MB (ELL/CSR = 0.94), padding 0.9%
correctness vs sequential CSR: PASS (relative L2 error 0.000e+00)
	Performing 800 iterations
	benchmarking OpenMP ELL-SpMV:   2.7753 ms (  6.35 GFLOP/s  40.3 GB/s)
 -> time=2.7753 ms | 6.35 GFLOP/s | 40.3 GB/s | check=PASS


==============================================================================
 [121/248]  atmosmodd  |  OpenMP ELL | threads=16 | schedule=dynamic,64 | partition=row
 $ OMP_NUM_THREADS=16 ./spmv-omp-ell matrices/atmosmodd.mtx --threads=16 --schedule=dynamic,64 --partition=row
==============================================================================
Reading sparse matrix from file (matrices/atmosmodd.mtx): done

file=matrices/atmosmodd.mtx rows=1270432 cols=1270432 nonzeros=8814880 max_row_len=7
threads=16 schedule=dynamic,64 partition=row
storage: CSR 75.60 MB, ELL 71.14 MB (ELL/CSR = 0.94), padding 0.9%
correctness vs sequential CSR: PASS (relative L2 error 0.000e+00)
	Performing 800 iterations
	benchmarking OpenMP ELL-SpMV:   1.1149 ms ( 15.81 GFLOP/s 100.3 GB/s)
 -> time=1.1149 ms | 15.81 GFLOP/s | 100.3 GB/s | check=PASS


==============================================================================
 [122/248]  atmosmodd  |  OpenMP ELL | threads=16 | schedule=dynamic,256 | partition=row
 $ OMP_NUM_THREADS=16 ./spmv-omp-ell matrices/atmosmodd.mtx --threads=16 --schedule=dynamic,256 --partition=row
==============================================================================
Reading sparse matrix from file (matrices/atmosmodd.mtx): done

file=matrices/atmosmodd.mtx rows=1270432 cols=1270432 nonzeros=8814880 max_row_len=7
threads=16 schedule=dynamic,256 partition=row
storage: CSR 75.60 MB, ELL 71.14 MB (ELL/CSR = 0.94), padding 0.9%
correctness vs sequential CSR: PASS (relative L2 error 0.000e+00)
	Performing 800 iterations
	benchmarking OpenMP ELL-SpMV:   0.5078 ms ( 34.72 GFLOP/s 220.2 GB/s)
 -> time=0.5078 ms | 34.72 GFLOP/s | 220.2 GB/s | check=PASS


==============================================================================
 [123/248]  atmosmodd  |  OpenMP ELL | threads=16 | schedule=guided | partition=row
 $ OMP_NUM_THREADS=16 ./spmv-omp-ell matrices/atmosmodd.mtx --threads=16 --schedule=guided --partition=row
==============================================================================
Reading sparse matrix from file (matrices/atmosmodd.mtx): done

file=matrices/atmosmodd.mtx rows=1270432 cols=1270432 nonzeros=8814880 max_row_len=7
threads=16 schedule=guided partition=row
storage: CSR 75.60 MB, ELL 71.14 MB (ELL/CSR = 0.94), padding 0.9%
correctness vs sequential CSR: PASS (relative L2 error 0.000e+00)
	Performing 800 iterations
	benchmarking OpenMP ELL-SpMV:   0.3908 ms ( 45.11 GFLOP/s 286.1 GB/s)
 -> time=0.3908 ms | 45.11 GFLOP/s | 286.1 GB/s | check=PASS


==============================================================================
 [124/248]  atmosmodd  |  OpenMP ELL | threads=16 | schedule=static (irrelevant for nnz) | partition=nnz
 $ OMP_NUM_THREADS=16 ./spmv-omp-ell matrices/atmosmodd.mtx --threads=16 --schedule=static --partition=nnz
==============================================================================
Reading sparse matrix from file (matrices/atmosmodd.mtx): done

file=matrices/atmosmodd.mtx rows=1270432 cols=1270432 nonzeros=8814880 max_row_len=7
threads=16 schedule=static partition=nnz
storage: CSR 75.60 MB, ELL 71.14 MB (ELL/CSR = 0.94), padding 0.9%
correctness vs sequential CSR: PASS (relative L2 error 0.000e+00)
	Performing 800 iterations
	benchmarking OpenMP ELL-SpMV:   0.9103 ms ( 19.37 GFLOP/s 122.8 GB/s)
 -> time=0.9103 ms | 19.37 GFLOP/s | 122.8 GB/s | check=PASS



##############################################################################
#  MATRIX: lp_wood1p
#  m=244  nnz=70216  avg=287.77  K(max)=2592  K/avg=9.01  ELL/CSR=8.99  padding=88.9%  -> predicted winner: CSR
##############################################################################


==============================================================================
 [125/248]  lp_wood1p  |  sequential CSR
 $ OMP_NUM_THREADS=1 ./spmv-csr matrices/lp_wood1p.mtx
==============================================================================
Reading sparse matrix from file (matrices/lp_wood1p.mtx): done

file=matrices/lp_wood1p.mtx rows=244 cols=2595 nonzeros=70216
storage: COO 0.84 MB, CSR 0.56 MB (CSR/COO = 0.668)
	Performing 800 iterations
	benchmarking CSR-SpMV:   0.0327 ms (  4.30 GFLOP/s  25.8 GB/s)
 -> time=0.0327 ms | 4.30 GFLOP/s | 25.8 GB/s | check=base


==============================================================================
 [126/248]  lp_wood1p  |  sequential ELL
 $ OMP_NUM_THREADS=1 ./spmv-ell matrices/lp_wood1p.mtx
==============================================================================
Reading sparse matrix from file (matrices/lp_wood1p.mtx): done

file=matrices/lp_wood1p.mtx rows=244 cols=2595 nonzeros=70216 max_row_len=2592
storage: COO 0.84 MB, CSR 0.56 MB, ELL 5.06 MB (ELL/CSR = 8.99)
padding: 562232 of 632448 slots are explicit zeros (88.9%)
conversion: 0.3566 ms
correctness vs CSR: PASS (relative L2 error 0.000e+00)
	Performing 800 iterations
	benchmarking ELL-SpMV:   0.3016 ms (  0.47 GFLOP/s  25.2 GB/s)
 -> time=0.3016 ms | 0.47 GFLOP/s | 25.2 GB/s | check=PASS


==============================================================================
 [127/248]  lp_wood1p  |  OpenMP CSR | threads=1 | schedule=static | partition=row
 $ OMP_NUM_THREADS=1 ./spmv-omp-csr matrices/lp_wood1p.mtx --threads=1 --schedule=static --partition=row
==============================================================================
Reading sparse matrix from file (matrices/lp_wood1p.mtx): done

file=matrices/lp_wood1p.mtx rows=244 cols=2595 nonzeros=70216
threads=1 schedule=static partition=row
storage: CSR 0.56 MB
correctness vs sequential CSR: PASS (relative L2 error 0.000e+00)
	Performing 800 iterations
	benchmarking OpenMP CSR-SpMV:   0.0325 ms (  4.32 GFLOP/s  26.0 GB/s)
 -> time=0.0325 ms | 4.32 GFLOP/s | 26.0 GB/s | check=PASS


==============================================================================
 [128/248]  lp_wood1p  |  OpenMP CSR | threads=1 | schedule=dynamic,16 | partition=row
 $ OMP_NUM_THREADS=1 ./spmv-omp-csr matrices/lp_wood1p.mtx --threads=1 --schedule=dynamic,16 --partition=row
==============================================================================
Reading sparse matrix from file (matrices/lp_wood1p.mtx): done

file=matrices/lp_wood1p.mtx rows=244 cols=2595 nonzeros=70216
threads=1 schedule=dynamic,16 partition=row
storage: CSR 0.56 MB
correctness vs sequential CSR: PASS (relative L2 error 0.000e+00)
	Performing 800 iterations
	benchmarking OpenMP CSR-SpMV:   0.0329 ms (  4.27 GFLOP/s  25.7 GB/s)
 -> time=0.0329 ms | 4.27 GFLOP/s | 25.7 GB/s | check=PASS


==============================================================================
 [129/248]  lp_wood1p  |  OpenMP CSR | threads=1 | schedule=dynamic,64 | partition=row
 $ OMP_NUM_THREADS=1 ./spmv-omp-csr matrices/lp_wood1p.mtx --threads=1 --schedule=dynamic,64 --partition=row
==============================================================================
Reading sparse matrix from file (matrices/lp_wood1p.mtx): done

file=matrices/lp_wood1p.mtx rows=244 cols=2595 nonzeros=70216
threads=1 schedule=dynamic,64 partition=row
storage: CSR 0.56 MB
correctness vs sequential CSR: PASS (relative L2 error 0.000e+00)
	Performing 800 iterations
	benchmarking OpenMP CSR-SpMV:   0.0327 ms (  4.30 GFLOP/s  25.8 GB/s)
 -> time=0.0327 ms | 4.30 GFLOP/s | 25.8 GB/s | check=PASS


==============================================================================
 [130/248]  lp_wood1p  |  OpenMP CSR | threads=1 | schedule=dynamic,256 | partition=row
 $ OMP_NUM_THREADS=1 ./spmv-omp-csr matrices/lp_wood1p.mtx --threads=1 --schedule=dynamic,256 --partition=row
==============================================================================
Reading sparse matrix from file (matrices/lp_wood1p.mtx): done

file=matrices/lp_wood1p.mtx rows=244 cols=2595 nonzeros=70216
threads=1 schedule=dynamic,256 partition=row
storage: CSR 0.56 MB
correctness vs sequential CSR: PASS (relative L2 error 0.000e+00)
	Performing 800 iterations
	benchmarking OpenMP CSR-SpMV:   0.0327 ms (  4.29 GFLOP/s  25.8 GB/s)
 -> time=0.0327 ms | 4.29 GFLOP/s | 25.8 GB/s | check=PASS


==============================================================================
 [131/248]  lp_wood1p  |  OpenMP CSR | threads=1 | schedule=guided | partition=row
 $ OMP_NUM_THREADS=1 ./spmv-omp-csr matrices/lp_wood1p.mtx --threads=1 --schedule=guided --partition=row
==============================================================================
Reading sparse matrix from file (matrices/lp_wood1p.mtx): done

file=matrices/lp_wood1p.mtx rows=244 cols=2595 nonzeros=70216
threads=1 schedule=guided partition=row
storage: CSR 0.56 MB
correctness vs sequential CSR: PASS (relative L2 error 0.000e+00)
	Performing 800 iterations
	benchmarking OpenMP CSR-SpMV:   0.0327 ms (  4.30 GFLOP/s  25.9 GB/s)
 -> time=0.0327 ms | 4.30 GFLOP/s | 25.9 GB/s | check=PASS


==============================================================================
 [132/248]  lp_wood1p  |  OpenMP CSR | threads=1 | schedule=static (irrelevant for nnz) | partition=nnz
 $ OMP_NUM_THREADS=1 ./spmv-omp-csr matrices/lp_wood1p.mtx --threads=1 --schedule=static --partition=nnz
==============================================================================
Reading sparse matrix from file (matrices/lp_wood1p.mtx): done

file=matrices/lp_wood1p.mtx rows=244 cols=2595 nonzeros=70216
threads=1 schedule=static partition=nnz
storage: CSR 0.56 MB
correctness vs sequential CSR: PASS (relative L2 error 0.000e+00)
	Performing 800 iterations
	benchmarking OpenMP CSR-SpMV:   0.0324 ms (  4.33 GFLOP/s  26.0 GB/s)
 -> time=0.0324 ms | 4.33 GFLOP/s | 26.0 GB/s | check=PASS


==============================================================================
 [133/248]  lp_wood1p  |  OpenMP CSR | threads=2 | schedule=static | partition=row
 $ OMP_NUM_THREADS=2 ./spmv-omp-csr matrices/lp_wood1p.mtx --threads=2 --schedule=static --partition=row
==============================================================================
Reading sparse matrix from file (matrices/lp_wood1p.mtx): done

file=matrices/lp_wood1p.mtx rows=244 cols=2595 nonzeros=70216
threads=2 schedule=static partition=row
storage: CSR 0.56 MB
correctness vs sequential CSR: PASS (relative L2 error 0.000e+00)
	Performing 800 iterations
	benchmarking OpenMP CSR-SpMV:   0.0226 ms (  6.22 GFLOP/s  37.4 GB/s)
 -> time=0.0226 ms | 6.22 GFLOP/s | 37.4 GB/s | check=PASS


==============================================================================
 [134/248]  lp_wood1p  |  OpenMP CSR | threads=2 | schedule=dynamic,16 | partition=row
 $ OMP_NUM_THREADS=2 ./spmv-omp-csr matrices/lp_wood1p.mtx --threads=2 --schedule=dynamic,16 --partition=row
==============================================================================
Reading sparse matrix from file (matrices/lp_wood1p.mtx): done

file=matrices/lp_wood1p.mtx rows=244 cols=2595 nonzeros=70216
threads=2 schedule=dynamic,16 partition=row
storage: CSR 0.56 MB
correctness vs sequential CSR: PASS (relative L2 error 0.000e+00)
	Performing 800 iterations
	benchmarking OpenMP CSR-SpMV:   0.0195 ms (  7.20 GFLOP/s  43.3 GB/s)
 -> time=0.0195 ms | 7.20 GFLOP/s | 43.3 GB/s | check=PASS


==============================================================================
 [135/248]  lp_wood1p  |  OpenMP CSR | threads=2 | schedule=dynamic,64 | partition=row
 $ OMP_NUM_THREADS=2 ./spmv-omp-csr matrices/lp_wood1p.mtx --threads=2 --schedule=dynamic,64 --partition=row
==============================================================================
Reading sparse matrix from file (matrices/lp_wood1p.mtx): done

file=matrices/lp_wood1p.mtx rows=244 cols=2595 nonzeros=70216
threads=2 schedule=dynamic,64 partition=row
storage: CSR 0.56 MB
correctness vs sequential CSR: PASS (relative L2 error 0.000e+00)
	Performing 800 iterations
	benchmarking OpenMP CSR-SpMV:   0.0212 ms (  6.63 GFLOP/s  39.8 GB/s)
 -> time=0.0212 ms | 6.63 GFLOP/s | 39.8 GB/s | check=PASS


==============================================================================
 [136/248]  lp_wood1p  |  OpenMP CSR | threads=2 | schedule=dynamic,256 | partition=row
 $ OMP_NUM_THREADS=2 ./spmv-omp-csr matrices/lp_wood1p.mtx --threads=2 --schedule=dynamic,256 --partition=row
==============================================================================
Reading sparse matrix from file (matrices/lp_wood1p.mtx): done

file=matrices/lp_wood1p.mtx rows=244 cols=2595 nonzeros=70216
threads=2 schedule=dynamic,256 partition=row
storage: CSR 0.56 MB
correctness vs sequential CSR: PASS (relative L2 error 0.000e+00)
	Performing 800 iterations
	benchmarking OpenMP CSR-SpMV:   0.0336 ms (  4.18 GFLOP/s  25.1 GB/s)
 -> time=0.0336 ms | 4.18 GFLOP/s | 25.1 GB/s | check=PASS


==============================================================================
 [137/248]  lp_wood1p  |  OpenMP CSR | threads=2 | schedule=guided | partition=row
 $ OMP_NUM_THREADS=2 ./spmv-omp-csr matrices/lp_wood1p.mtx --threads=2 --schedule=guided --partition=row
==============================================================================
Reading sparse matrix from file (matrices/lp_wood1p.mtx): done

file=matrices/lp_wood1p.mtx rows=244 cols=2595 nonzeros=70216
threads=2 schedule=guided partition=row
storage: CSR 0.56 MB
correctness vs sequential CSR: PASS (relative L2 error 0.000e+00)
	Performing 800 iterations
	benchmarking OpenMP CSR-SpMV:   0.0183 ms (  7.65 GFLOP/s  46.0 GB/s)
 -> time=0.0183 ms | 7.65 GFLOP/s | 46.0 GB/s | check=PASS


==============================================================================
 [138/248]  lp_wood1p  |  OpenMP CSR | threads=2 | schedule=static (irrelevant for nnz) | partition=nnz
 $ OMP_NUM_THREADS=2 ./spmv-omp-csr matrices/lp_wood1p.mtx --threads=2 --schedule=static --partition=nnz
==============================================================================
Reading sparse matrix from file (matrices/lp_wood1p.mtx): done

file=matrices/lp_wood1p.mtx rows=244 cols=2595 nonzeros=70216
threads=2 schedule=static partition=nnz
storage: CSR 0.56 MB
correctness vs sequential CSR: PASS (relative L2 error 0.000e+00)
	Performing 800 iterations
	benchmarking OpenMP CSR-SpMV:   0.0182 ms (  7.73 GFLOP/s  46.5 GB/s)
 -> time=0.0182 ms | 7.73 GFLOP/s | 46.5 GB/s | check=PASS


==============================================================================
 [139/248]  lp_wood1p  |  OpenMP CSR | threads=4 | schedule=static | partition=row
 $ OMP_NUM_THREADS=4 ./spmv-omp-csr matrices/lp_wood1p.mtx --threads=4 --schedule=static --partition=row
==============================================================================
Reading sparse matrix from file (matrices/lp_wood1p.mtx): done

file=matrices/lp_wood1p.mtx rows=244 cols=2595 nonzeros=70216
threads=4 schedule=static partition=row
storage: CSR 0.56 MB
correctness vs sequential CSR: PASS (relative L2 error 0.000e+00)
	Performing 800 iterations
	benchmarking OpenMP CSR-SpMV:   0.0168 ms (  8.36 GFLOP/s  50.3 GB/s)
 -> time=0.0168 ms | 8.36 GFLOP/s | 50.3 GB/s | check=PASS


==============================================================================
 [140/248]  lp_wood1p  |  OpenMP CSR | threads=4 | schedule=dynamic,16 | partition=row
 $ OMP_NUM_THREADS=4 ./spmv-omp-csr matrices/lp_wood1p.mtx --threads=4 --schedule=dynamic,16 --partition=row
==============================================================================
Reading sparse matrix from file (matrices/lp_wood1p.mtx): done

file=matrices/lp_wood1p.mtx rows=244 cols=2595 nonzeros=70216
threads=4 schedule=dynamic,16 partition=row
storage: CSR 0.56 MB
correctness vs sequential CSR: PASS (relative L2 error 0.000e+00)
	Performing 800 iterations
	benchmarking OpenMP CSR-SpMV:   0.0120 ms ( 11.67 GFLOP/s  70.2 GB/s)
 -> time=0.0120 ms | 11.67 GFLOP/s | 70.2 GB/s | check=PASS


==============================================================================
 [141/248]  lp_wood1p  |  OpenMP CSR | threads=4 | schedule=dynamic,64 | partition=row
 $ OMP_NUM_THREADS=4 ./spmv-omp-csr matrices/lp_wood1p.mtx --threads=4 --schedule=dynamic,64 --partition=row
==============================================================================
Reading sparse matrix from file (matrices/lp_wood1p.mtx): done

file=matrices/lp_wood1p.mtx rows=244 cols=2595 nonzeros=70216
threads=4 schedule=dynamic,64 partition=row
storage: CSR 0.56 MB
correctness vs sequential CSR: PASS (relative L2 error 0.000e+00)
	Performing 800 iterations
	benchmarking OpenMP CSR-SpMV:   0.0158 ms (  8.87 GFLOP/s  53.4 GB/s)
 -> time=0.0158 ms | 8.87 GFLOP/s | 53.4 GB/s | check=PASS


==============================================================================
 [142/248]  lp_wood1p  |  OpenMP CSR | threads=4 | schedule=dynamic,256 | partition=row
 $ OMP_NUM_THREADS=4 ./spmv-omp-csr matrices/lp_wood1p.mtx --threads=4 --schedule=dynamic,256 --partition=row
==============================================================================
Reading sparse matrix from file (matrices/lp_wood1p.mtx): done

file=matrices/lp_wood1p.mtx rows=244 cols=2595 nonzeros=70216
threads=4 schedule=dynamic,256 partition=row
storage: CSR 0.56 MB
correctness vs sequential CSR: PASS (relative L2 error 0.000e+00)
	Performing 800 iterations
	benchmarking OpenMP CSR-SpMV:   0.0338 ms (  4.16 GFLOP/s  25.0 GB/s)
 -> time=0.0338 ms | 4.16 GFLOP/s | 25.0 GB/s | check=PASS


==============================================================================
 [143/248]  lp_wood1p  |  OpenMP CSR | threads=4 | schedule=guided | partition=row
 $ OMP_NUM_THREADS=4 ./spmv-omp-csr matrices/lp_wood1p.mtx --threads=4 --schedule=guided --partition=row
==============================================================================
Reading sparse matrix from file (matrices/lp_wood1p.mtx): done

file=matrices/lp_wood1p.mtx rows=244 cols=2595 nonzeros=70216
threads=4 schedule=guided partition=row
storage: CSR 0.56 MB
correctness vs sequential CSR: PASS (relative L2 error 0.000e+00)
	Performing 800 iterations
	benchmarking OpenMP CSR-SpMV:   0.0105 ms ( 13.41 GFLOP/s  80.7 GB/s)
 -> time=0.0105 ms | 13.41 GFLOP/s | 80.7 GB/s | check=PASS


==============================================================================
 [144/248]  lp_wood1p  |  OpenMP CSR | threads=4 | schedule=static (irrelevant for nnz) | partition=nnz
 $ OMP_NUM_THREADS=4 ./spmv-omp-csr matrices/lp_wood1p.mtx --threads=4 --schedule=static --partition=nnz
==============================================================================
Reading sparse matrix from file (matrices/lp_wood1p.mtx): done

file=matrices/lp_wood1p.mtx rows=244 cols=2595 nonzeros=70216
threads=4 schedule=static partition=nnz
storage: CSR 0.56 MB
correctness vs sequential CSR: PASS (relative L2 error 0.000e+00)
	Performing 800 iterations
	benchmarking OpenMP CSR-SpMV:   0.0108 ms ( 13.00 GFLOP/s  78.2 GB/s)
 -> time=0.0108 ms | 13.00 GFLOP/s | 78.2 GB/s | check=PASS


==============================================================================
 [145/248]  lp_wood1p  |  OpenMP CSR | threads=8 | schedule=static | partition=row
 $ OMP_NUM_THREADS=8 ./spmv-omp-csr matrices/lp_wood1p.mtx --threads=8 --schedule=static --partition=row
==============================================================================
Reading sparse matrix from file (matrices/lp_wood1p.mtx): done

file=matrices/lp_wood1p.mtx rows=244 cols=2595 nonzeros=70216
threads=8 schedule=static partition=row
storage: CSR 0.56 MB
correctness vs sequential CSR: PASS (relative L2 error 0.000e+00)
	Performing 800 iterations
	benchmarking OpenMP CSR-SpMV:   0.0118 ms ( 11.92 GFLOP/s  71.7 GB/s)
 -> time=0.0118 ms | 11.92 GFLOP/s | 71.7 GB/s | check=PASS


==============================================================================
 [146/248]  lp_wood1p  |  OpenMP CSR | threads=8 | schedule=dynamic,16 | partition=row
 $ OMP_NUM_THREADS=8 ./spmv-omp-csr matrices/lp_wood1p.mtx --threads=8 --schedule=dynamic,16 --partition=row
==============================================================================
Reading sparse matrix from file (matrices/lp_wood1p.mtx): done

file=matrices/lp_wood1p.mtx rows=244 cols=2595 nonzeros=70216
threads=8 schedule=dynamic,16 partition=row
storage: CSR 0.56 MB
correctness vs sequential CSR: PASS (relative L2 error 0.000e+00)
	Performing 800 iterations
	benchmarking OpenMP CSR-SpMV:   0.0085 ms ( 16.48 GFLOP/s  99.1 GB/s)
 -> time=0.0085 ms | 16.48 GFLOP/s | 99.1 GB/s | check=PASS


==============================================================================
 [147/248]  lp_wood1p  |  OpenMP CSR | threads=8 | schedule=dynamic,64 | partition=row
 $ OMP_NUM_THREADS=8 ./spmv-omp-csr matrices/lp_wood1p.mtx --threads=8 --schedule=dynamic,64 --partition=row
==============================================================================
Reading sparse matrix from file (matrices/lp_wood1p.mtx): done

file=matrices/lp_wood1p.mtx rows=244 cols=2595 nonzeros=70216
threads=8 schedule=dynamic,64 partition=row
storage: CSR 0.56 MB
correctness vs sequential CSR: PASS (relative L2 error 0.000e+00)
	Performing 800 iterations
	benchmarking OpenMP CSR-SpMV:   0.0156 ms (  9.01 GFLOP/s  54.2 GB/s)
 -> time=0.0156 ms | 9.01 GFLOP/s | 54.2 GB/s | check=PASS


==============================================================================
 [148/248]  lp_wood1p  |  OpenMP CSR | threads=8 | schedule=dynamic,256 | partition=row
 $ OMP_NUM_THREADS=8 ./spmv-omp-csr matrices/lp_wood1p.mtx --threads=8 --schedule=dynamic,256 --partition=row
==============================================================================
Reading sparse matrix from file (matrices/lp_wood1p.mtx): done

file=matrices/lp_wood1p.mtx rows=244 cols=2595 nonzeros=70216
threads=8 schedule=dynamic,256 partition=row
storage: CSR 0.56 MB
correctness vs sequential CSR: PASS (relative L2 error 0.000e+00)
	Performing 800 iterations
	benchmarking OpenMP CSR-SpMV:   0.0347 ms (  4.04 GFLOP/s  24.3 GB/s)
 -> time=0.0347 ms | 4.04 GFLOP/s | 24.3 GB/s | check=PASS


==============================================================================
 [149/248]  lp_wood1p  |  OpenMP CSR | threads=8 | schedule=guided | partition=row
 $ OMP_NUM_THREADS=8 ./spmv-omp-csr matrices/lp_wood1p.mtx --threads=8 --schedule=guided --partition=row
==============================================================================
Reading sparse matrix from file (matrices/lp_wood1p.mtx): done

file=matrices/lp_wood1p.mtx rows=244 cols=2595 nonzeros=70216
threads=8 schedule=guided partition=row
storage: CSR 0.56 MB
correctness vs sequential CSR: PASS (relative L2 error 0.000e+00)
	Performing 800 iterations
	benchmarking OpenMP CSR-SpMV:   0.0075 ms ( 18.69 GFLOP/s 112.4 GB/s)
 -> time=0.0075 ms | 18.69 GFLOP/s | 112.4 GB/s | check=PASS


==============================================================================
 [150/248]  lp_wood1p  |  OpenMP CSR | threads=8 | schedule=static (irrelevant for nnz) | partition=nnz
 $ OMP_NUM_THREADS=8 ./spmv-omp-csr matrices/lp_wood1p.mtx --threads=8 --schedule=static --partition=nnz
==============================================================================
Reading sparse matrix from file (matrices/lp_wood1p.mtx): done

file=matrices/lp_wood1p.mtx rows=244 cols=2595 nonzeros=70216
threads=8 schedule=static partition=nnz
storage: CSR 0.56 MB
correctness vs sequential CSR: PASS (relative L2 error 0.000e+00)
	Performing 800 iterations
	benchmarking OpenMP CSR-SpMV:   0.0073 ms ( 19.29 GFLOP/s 116.0 GB/s)
 -> time=0.0073 ms | 19.29 GFLOP/s | 116.0 GB/s | check=PASS


==============================================================================
 [151/248]  lp_wood1p  |  OpenMP CSR | threads=16 | schedule=static | partition=row
 $ OMP_NUM_THREADS=16 ./spmv-omp-csr matrices/lp_wood1p.mtx --threads=16 --schedule=static --partition=row
==============================================================================
Reading sparse matrix from file (matrices/lp_wood1p.mtx): done

file=matrices/lp_wood1p.mtx rows=244 cols=2595 nonzeros=70216
threads=16 schedule=static partition=row
storage: CSR 0.56 MB
correctness vs sequential CSR: PASS (relative L2 error 0.000e+00)
	Performing 800 iterations
	benchmarking OpenMP CSR-SpMV:   0.0090 ms ( 15.62 GFLOP/s  94.0 GB/s)
 -> time=0.0090 ms | 15.62 GFLOP/s | 94.0 GB/s | check=PASS


==============================================================================
 [152/248]  lp_wood1p  |  OpenMP CSR | threads=16 | schedule=dynamic,16 | partition=row
 $ OMP_NUM_THREADS=16 ./spmv-omp-csr matrices/lp_wood1p.mtx --threads=16 --schedule=dynamic,16 --partition=row
==============================================================================
Reading sparse matrix from file (matrices/lp_wood1p.mtx): done

file=matrices/lp_wood1p.mtx rows=244 cols=2595 nonzeros=70216
threads=16 schedule=dynamic,16 partition=row
storage: CSR 0.56 MB
correctness vs sequential CSR: PASS (relative L2 error 0.000e+00)
	Performing 800 iterations
	benchmarking OpenMP CSR-SpMV:   0.0078 ms ( 17.92 GFLOP/s 107.8 GB/s)
 -> time=0.0078 ms | 17.92 GFLOP/s | 107.8 GB/s | check=PASS


==============================================================================
 [153/248]  lp_wood1p  |  OpenMP CSR | threads=16 | schedule=dynamic,64 | partition=row
 $ OMP_NUM_THREADS=16 ./spmv-omp-csr matrices/lp_wood1p.mtx --threads=16 --schedule=dynamic,64 --partition=row
==============================================================================
Reading sparse matrix from file (matrices/lp_wood1p.mtx): done

file=matrices/lp_wood1p.mtx rows=244 cols=2595 nonzeros=70216
threads=16 schedule=dynamic,64 partition=row
storage: CSR 0.56 MB
correctness vs sequential CSR: PASS (relative L2 error 0.000e+00)
	Performing 800 iterations
	benchmarking OpenMP CSR-SpMV:   0.0169 ms (  8.32 GFLOP/s  50.0 GB/s)
 -> time=0.0169 ms | 8.32 GFLOP/s | 50.0 GB/s | check=PASS


==============================================================================
 [154/248]  lp_wood1p  |  OpenMP CSR | threads=16 | schedule=dynamic,256 | partition=row
 $ OMP_NUM_THREADS=16 ./spmv-omp-csr matrices/lp_wood1p.mtx --threads=16 --schedule=dynamic,256 --partition=row
==============================================================================
Reading sparse matrix from file (matrices/lp_wood1p.mtx): done

file=matrices/lp_wood1p.mtx rows=244 cols=2595 nonzeros=70216
threads=16 schedule=dynamic,256 partition=row
storage: CSR 0.56 MB
correctness vs sequential CSR: PASS (relative L2 error 0.000e+00)
	Performing 800 iterations
	benchmarking OpenMP CSR-SpMV:   0.0349 ms (  4.03 GFLOP/s  24.2 GB/s)
 -> time=0.0349 ms | 4.03 GFLOP/s | 24.2 GB/s | check=PASS


==============================================================================
 [155/248]  lp_wood1p  |  OpenMP CSR | threads=16 | schedule=guided | partition=row
 $ OMP_NUM_THREADS=16 ./spmv-omp-csr matrices/lp_wood1p.mtx --threads=16 --schedule=guided --partition=row
==============================================================================
Reading sparse matrix from file (matrices/lp_wood1p.mtx): done

file=matrices/lp_wood1p.mtx rows=244 cols=2595 nonzeros=70216
threads=16 schedule=guided partition=row
storage: CSR 0.56 MB
correctness vs sequential CSR: PASS (relative L2 error 0.000e+00)
	Performing 800 iterations
	benchmarking OpenMP CSR-SpMV:   0.0076 ms ( 18.56 GFLOP/s 111.6 GB/s)
 -> time=0.0076 ms | 18.56 GFLOP/s | 111.6 GB/s | check=PASS


==============================================================================
 [156/248]  lp_wood1p  |  OpenMP CSR | threads=16 | schedule=static (irrelevant for nnz) | partition=nnz
 $ OMP_NUM_THREADS=16 ./spmv-omp-csr matrices/lp_wood1p.mtx --threads=16 --schedule=static --partition=nnz
==============================================================================
Reading sparse matrix from file (matrices/lp_wood1p.mtx): done

file=matrices/lp_wood1p.mtx rows=244 cols=2595 nonzeros=70216
threads=16 schedule=static partition=nnz
storage: CSR 0.56 MB
correctness vs sequential CSR: PASS (relative L2 error 0.000e+00)
	Performing 800 iterations
	benchmarking OpenMP CSR-SpMV:   0.0051 ms ( 27.48 GFLOP/s 165.2 GB/s)
 -> time=0.0051 ms | 27.48 GFLOP/s | 165.2 GB/s | check=PASS


==============================================================================
 [157/248]  lp_wood1p  |  OpenMP ELL | threads=1 | schedule=static | partition=row
 $ OMP_NUM_THREADS=1 ./spmv-omp-ell matrices/lp_wood1p.mtx --threads=1 --schedule=static --partition=row
==============================================================================
Reading sparse matrix from file (matrices/lp_wood1p.mtx): done

file=matrices/lp_wood1p.mtx rows=244 cols=2595 nonzeros=70216 max_row_len=2592
threads=1 schedule=static partition=row
storage: CSR 0.56 MB, ELL 5.06 MB (ELL/CSR = 8.99), padding 88.9%
correctness vs sequential CSR: PASS (relative L2 error 0.000e+00)
	Performing 800 iterations
	benchmarking OpenMP ELL-SpMV:   0.3039 ms (  0.46 GFLOP/s  25.0 GB/s)
 -> time=0.3039 ms | 0.46 GFLOP/s | 25.0 GB/s | check=PASS


==============================================================================
 [158/248]  lp_wood1p  |  OpenMP ELL | threads=1 | schedule=dynamic,16 | partition=row
 $ OMP_NUM_THREADS=1 ./spmv-omp-ell matrices/lp_wood1p.mtx --threads=1 --schedule=dynamic,16 --partition=row
==============================================================================
Reading sparse matrix from file (matrices/lp_wood1p.mtx): done

file=matrices/lp_wood1p.mtx rows=244 cols=2595 nonzeros=70216 max_row_len=2592
threads=1 schedule=dynamic,16 partition=row
storage: CSR 0.56 MB, ELL 5.06 MB (ELL/CSR = 8.99), padding 88.9%
correctness vs sequential CSR: PASS (relative L2 error 0.000e+00)
	Performing 800 iterations
	benchmarking OpenMP ELL-SpMV:   0.3044 ms (  0.46 GFLOP/s  24.9 GB/s)
 -> time=0.3044 ms | 0.46 GFLOP/s | 24.9 GB/s | check=PASS


==============================================================================
 [159/248]  lp_wood1p  |  OpenMP ELL | threads=1 | schedule=dynamic,64 | partition=row
 $ OMP_NUM_THREADS=1 ./spmv-omp-ell matrices/lp_wood1p.mtx --threads=1 --schedule=dynamic,64 --partition=row
==============================================================================
Reading sparse matrix from file (matrices/lp_wood1p.mtx): done

file=matrices/lp_wood1p.mtx rows=244 cols=2595 nonzeros=70216 max_row_len=2592
threads=1 schedule=dynamic,64 partition=row
storage: CSR 0.56 MB, ELL 5.06 MB (ELL/CSR = 8.99), padding 88.9%
correctness vs sequential CSR: PASS (relative L2 error 0.000e+00)
	Performing 800 iterations
	benchmarking OpenMP ELL-SpMV:   0.3041 ms (  0.46 GFLOP/s  25.0 GB/s)
 -> time=0.3041 ms | 0.46 GFLOP/s | 25.0 GB/s | check=PASS


==============================================================================
 [160/248]  lp_wood1p  |  OpenMP ELL | threads=1 | schedule=dynamic,256 | partition=row
 $ OMP_NUM_THREADS=1 ./spmv-omp-ell matrices/lp_wood1p.mtx --threads=1 --schedule=dynamic,256 --partition=row
==============================================================================
Reading sparse matrix from file (matrices/lp_wood1p.mtx): done

file=matrices/lp_wood1p.mtx rows=244 cols=2595 nonzeros=70216 max_row_len=2592
threads=1 schedule=dynamic,256 partition=row
storage: CSR 0.56 MB, ELL 5.06 MB (ELL/CSR = 8.99), padding 88.9%
correctness vs sequential CSR: PASS (relative L2 error 0.000e+00)
	Performing 800 iterations
	benchmarking OpenMP ELL-SpMV:   0.3021 ms (  0.46 GFLOP/s  25.1 GB/s)
 -> time=0.3021 ms | 0.46 GFLOP/s | 25.1 GB/s | check=PASS


==============================================================================
 [161/248]  lp_wood1p  |  OpenMP ELL | threads=1 | schedule=guided | partition=row
 $ OMP_NUM_THREADS=1 ./spmv-omp-ell matrices/lp_wood1p.mtx --threads=1 --schedule=guided --partition=row
==============================================================================
Reading sparse matrix from file (matrices/lp_wood1p.mtx): done

file=matrices/lp_wood1p.mtx rows=244 cols=2595 nonzeros=70216 max_row_len=2592
threads=1 schedule=guided partition=row
storage: CSR 0.56 MB, ELL 5.06 MB (ELL/CSR = 8.99), padding 88.9%
correctness vs sequential CSR: PASS (relative L2 error 0.000e+00)
	Performing 800 iterations
	benchmarking OpenMP ELL-SpMV:   0.3021 ms (  0.46 GFLOP/s  25.1 GB/s)
 -> time=0.3021 ms | 0.46 GFLOP/s | 25.1 GB/s | check=PASS


==============================================================================
 [162/248]  lp_wood1p  |  OpenMP ELL | threads=1 | schedule=static (irrelevant for nnz) | partition=nnz
 $ OMP_NUM_THREADS=1 ./spmv-omp-ell matrices/lp_wood1p.mtx --threads=1 --schedule=static --partition=nnz
==============================================================================
Reading sparse matrix from file (matrices/lp_wood1p.mtx): done

file=matrices/lp_wood1p.mtx rows=244 cols=2595 nonzeros=70216 max_row_len=2592
threads=1 schedule=static partition=nnz
storage: CSR 0.56 MB, ELL 5.06 MB (ELL/CSR = 8.99), padding 88.9%
correctness vs sequential CSR: PASS (relative L2 error 0.000e+00)
	Performing 800 iterations
	benchmarking OpenMP ELL-SpMV:   0.3034 ms (  0.46 GFLOP/s  25.0 GB/s)
 -> time=0.3034 ms | 0.46 GFLOP/s | 25.0 GB/s | check=PASS


==============================================================================
 [163/248]  lp_wood1p  |  OpenMP ELL | threads=2 | schedule=static | partition=row
 $ OMP_NUM_THREADS=2 ./spmv-omp-ell matrices/lp_wood1p.mtx --threads=2 --schedule=static --partition=row
==============================================================================
Reading sparse matrix from file (matrices/lp_wood1p.mtx): done

file=matrices/lp_wood1p.mtx rows=244 cols=2595 nonzeros=70216 max_row_len=2592
threads=2 schedule=static partition=row
storage: CSR 0.56 MB, ELL 5.06 MB (ELL/CSR = 8.99), padding 88.9%
correctness vs sequential CSR: PASS (relative L2 error 0.000e+00)
	Performing 800 iterations
	benchmarking OpenMP ELL-SpMV:   0.1530 ms (  0.92 GFLOP/s  49.6 GB/s)
 -> time=0.1530 ms | 0.92 GFLOP/s | 49.6 GB/s | check=PASS


==============================================================================
 [164/248]  lp_wood1p  |  OpenMP ELL | threads=2 | schedule=dynamic,16 | partition=row
 $ OMP_NUM_THREADS=2 ./spmv-omp-ell matrices/lp_wood1p.mtx --threads=2 --schedule=dynamic,16 --partition=row
==============================================================================
Reading sparse matrix from file (matrices/lp_wood1p.mtx): done

file=matrices/lp_wood1p.mtx rows=244 cols=2595 nonzeros=70216 max_row_len=2592
threads=2 schedule=dynamic,16 partition=row
storage: CSR 0.56 MB, ELL 5.06 MB (ELL/CSR = 8.99), padding 88.9%
correctness vs sequential CSR: PASS (relative L2 error 0.000e+00)
	Performing 800 iterations
	benchmarking OpenMP ELL-SpMV:   0.1614 ms (  0.87 GFLOP/s  47.0 GB/s)
 -> time=0.1614 ms | 0.87 GFLOP/s | 47.0 GB/s | check=PASS


==============================================================================
 [165/248]  lp_wood1p  |  OpenMP ELL | threads=2 | schedule=dynamic,64 | partition=row
 $ OMP_NUM_THREADS=2 ./spmv-omp-ell matrices/lp_wood1p.mtx --threads=2 --schedule=dynamic,64 --partition=row
==============================================================================
Reading sparse matrix from file (matrices/lp_wood1p.mtx): done

file=matrices/lp_wood1p.mtx rows=244 cols=2595 nonzeros=70216 max_row_len=2592
threads=2 schedule=dynamic,64 partition=row
storage: CSR 0.56 MB, ELL 5.06 MB (ELL/CSR = 8.99), padding 88.9%
correctness vs sequential CSR: PASS (relative L2 error 0.000e+00)
	Performing 800 iterations
	benchmarking OpenMP ELL-SpMV:   0.1602 ms (  0.88 GFLOP/s  47.4 GB/s)
 -> time=0.1602 ms | 0.88 GFLOP/s | 47.4 GB/s | check=PASS


==============================================================================
 [166/248]  lp_wood1p  |  OpenMP ELL | threads=2 | schedule=dynamic,256 | partition=row
 $ OMP_NUM_THREADS=2 ./spmv-omp-ell matrices/lp_wood1p.mtx --threads=2 --schedule=dynamic,256 --partition=row
==============================================================================
Reading sparse matrix from file (matrices/lp_wood1p.mtx): done

file=matrices/lp_wood1p.mtx rows=244 cols=2595 nonzeros=70216 max_row_len=2592
threads=2 schedule=dynamic,256 partition=row
storage: CSR 0.56 MB, ELL 5.06 MB (ELL/CSR = 8.99), padding 88.9%
correctness vs sequential CSR: PASS (relative L2 error 0.000e+00)
	Performing 800 iterations
	benchmarking OpenMP ELL-SpMV:   0.3031 ms (  0.46 GFLOP/s  25.0 GB/s)
 -> time=0.3031 ms | 0.46 GFLOP/s | 25.0 GB/s | check=PASS


==============================================================================
 [167/248]  lp_wood1p  |  OpenMP ELL | threads=2 | schedule=guided | partition=row
 $ OMP_NUM_THREADS=2 ./spmv-omp-ell matrices/lp_wood1p.mtx --threads=2 --schedule=guided --partition=row
==============================================================================
Reading sparse matrix from file (matrices/lp_wood1p.mtx): done

file=matrices/lp_wood1p.mtx rows=244 cols=2595 nonzeros=70216 max_row_len=2592
threads=2 schedule=guided partition=row
storage: CSR 0.56 MB, ELL 5.06 MB (ELL/CSR = 8.99), padding 88.9%
correctness vs sequential CSR: PASS (relative L2 error 0.000e+00)
	Performing 800 iterations
	benchmarking OpenMP ELL-SpMV:   0.1537 ms (  0.91 GFLOP/s  49.4 GB/s)
 -> time=0.1537 ms | 0.91 GFLOP/s | 49.4 GB/s | check=PASS


==============================================================================
 [168/248]  lp_wood1p  |  OpenMP ELL | threads=2 | schedule=static (irrelevant for nnz) | partition=nnz
 $ OMP_NUM_THREADS=2 ./spmv-omp-ell matrices/lp_wood1p.mtx --threads=2 --schedule=static --partition=nnz
==============================================================================
Reading sparse matrix from file (matrices/lp_wood1p.mtx): done

file=matrices/lp_wood1p.mtx rows=244 cols=2595 nonzeros=70216 max_row_len=2592
threads=2 schedule=static partition=nnz
storage: CSR 0.56 MB, ELL 5.06 MB (ELL/CSR = 8.99), padding 88.9%
correctness vs sequential CSR: PASS (relative L2 error 0.000e+00)
	Performing 800 iterations
	benchmarking OpenMP ELL-SpMV:   0.2224 ms (  0.63 GFLOP/s  34.1 GB/s)
 -> time=0.2224 ms | 0.63 GFLOP/s | 34.1 GB/s | check=PASS


==============================================================================
 [169/248]  lp_wood1p  |  OpenMP ELL | threads=4 | schedule=static | partition=row
 $ OMP_NUM_THREADS=4 ./spmv-omp-ell matrices/lp_wood1p.mtx --threads=4 --schedule=static --partition=row
==============================================================================
Reading sparse matrix from file (matrices/lp_wood1p.mtx): done

file=matrices/lp_wood1p.mtx rows=244 cols=2595 nonzeros=70216 max_row_len=2592
threads=4 schedule=static partition=row
storage: CSR 0.56 MB, ELL 5.06 MB (ELL/CSR = 8.99), padding 88.9%
correctness vs sequential CSR: PASS (relative L2 error 0.000e+00)
	Performing 800 iterations
	benchmarking OpenMP ELL-SpMV:   0.0783 ms (  1.79 GFLOP/s  96.9 GB/s)
 -> time=0.0783 ms | 1.79 GFLOP/s | 96.9 GB/s | check=PASS


==============================================================================
 [170/248]  lp_wood1p  |  OpenMP ELL | threads=4 | schedule=dynamic,16 | partition=row
 $ OMP_NUM_THREADS=4 ./spmv-omp-ell matrices/lp_wood1p.mtx --threads=4 --schedule=dynamic,16 --partition=row
==============================================================================
Reading sparse matrix from file (matrices/lp_wood1p.mtx): done

file=matrices/lp_wood1p.mtx rows=244 cols=2595 nonzeros=70216 max_row_len=2592
threads=4 schedule=dynamic,16 partition=row
storage: CSR 0.56 MB, ELL 5.06 MB (ELL/CSR = 8.99), padding 88.9%
correctness vs sequential CSR: PASS (relative L2 error 0.000e+00)
	Performing 800 iterations
	benchmarking OpenMP ELL-SpMV:   0.0823 ms (  1.71 GFLOP/s  92.2 GB/s)
 -> time=0.0823 ms | 1.71 GFLOP/s | 92.2 GB/s | check=PASS


==============================================================================
 [171/248]  lp_wood1p  |  OpenMP ELL | threads=4 | schedule=dynamic,64 | partition=row
 $ OMP_NUM_THREADS=4 ./spmv-omp-ell matrices/lp_wood1p.mtx --threads=4 --schedule=dynamic,64 --partition=row
==============================================================================
Reading sparse matrix from file (matrices/lp_wood1p.mtx): done

file=matrices/lp_wood1p.mtx rows=244 cols=2595 nonzeros=70216 max_row_len=2592
threads=4 schedule=dynamic,64 partition=row
storage: CSR 0.56 MB, ELL 5.06 MB (ELL/CSR = 8.99), padding 88.9%
correctness vs sequential CSR: PASS (relative L2 error 0.000e+00)
	Performing 800 iterations
	benchmarking OpenMP ELL-SpMV:   0.0824 ms (  1.70 GFLOP/s  92.1 GB/s)
 -> time=0.0824 ms | 1.70 GFLOP/s | 92.1 GB/s | check=PASS


==============================================================================
 [172/248]  lp_wood1p  |  OpenMP ELL | threads=4 | schedule=dynamic,256 | partition=row
 $ OMP_NUM_THREADS=4 ./spmv-omp-ell matrices/lp_wood1p.mtx --threads=4 --schedule=dynamic,256 --partition=row
==============================================================================
Reading sparse matrix from file (matrices/lp_wood1p.mtx): done

file=matrices/lp_wood1p.mtx rows=244 cols=2595 nonzeros=70216 max_row_len=2592
threads=4 schedule=dynamic,256 partition=row
storage: CSR 0.56 MB, ELL 5.06 MB (ELL/CSR = 8.99), padding 88.9%
correctness vs sequential CSR: PASS (relative L2 error 0.000e+00)
	Performing 800 iterations
	benchmarking OpenMP ELL-SpMV:   0.3035 ms (  0.46 GFLOP/s  25.0 GB/s)
 -> time=0.3035 ms | 0.46 GFLOP/s | 25.0 GB/s | check=PASS


==============================================================================
 [173/248]  lp_wood1p  |  OpenMP ELL | threads=4 | schedule=guided | partition=row
 $ OMP_NUM_THREADS=4 ./spmv-omp-ell matrices/lp_wood1p.mtx --threads=4 --schedule=guided --partition=row
==============================================================================
Reading sparse matrix from file (matrices/lp_wood1p.mtx): done

file=matrices/lp_wood1p.mtx rows=244 cols=2595 nonzeros=70216 max_row_len=2592
threads=4 schedule=guided partition=row
storage: CSR 0.56 MB, ELL 5.06 MB (ELL/CSR = 8.99), padding 88.9%
correctness vs sequential CSR: PASS (relative L2 error 0.000e+00)
	Performing 800 iterations
	benchmarking OpenMP ELL-SpMV:   0.0790 ms (  1.78 GFLOP/s  96.1 GB/s)
 -> time=0.0790 ms | 1.78 GFLOP/s | 96.1 GB/s | check=PASS


==============================================================================
 [174/248]  lp_wood1p  |  OpenMP ELL | threads=4 | schedule=static (irrelevant for nnz) | partition=nnz
 $ OMP_NUM_THREADS=4 ./spmv-omp-ell matrices/lp_wood1p.mtx --threads=4 --schedule=static --partition=nnz
==============================================================================
Reading sparse matrix from file (matrices/lp_wood1p.mtx): done

file=matrices/lp_wood1p.mtx rows=244 cols=2595 nonzeros=70216 max_row_len=2592
threads=4 schedule=static partition=nnz
storage: CSR 0.56 MB, ELL 5.06 MB (ELL/CSR = 8.99), padding 88.9%
correctness vs sequential CSR: PASS (relative L2 error 0.000e+00)
	Performing 800 iterations
	benchmarking OpenMP ELL-SpMV:   0.1124 ms (  1.25 GFLOP/s  67.5 GB/s)
 -> time=0.1124 ms | 1.25 GFLOP/s | 67.5 GB/s | check=PASS


==============================================================================
 [175/248]  lp_wood1p  |  OpenMP ELL | threads=8 | schedule=static | partition=row
 $ OMP_NUM_THREADS=8 ./spmv-omp-ell matrices/lp_wood1p.mtx --threads=8 --schedule=static --partition=row
==============================================================================
Reading sparse matrix from file (matrices/lp_wood1p.mtx): done

file=matrices/lp_wood1p.mtx rows=244 cols=2595 nonzeros=70216 max_row_len=2592
threads=8 schedule=static partition=row
storage: CSR 0.56 MB, ELL 5.06 MB (ELL/CSR = 8.99), padding 88.9%
correctness vs sequential CSR: PASS (relative L2 error 0.000e+00)
	Performing 800 iterations
	benchmarking OpenMP ELL-SpMV:   0.0416 ms (  3.37 GFLOP/s 182.4 GB/s)
 -> time=0.0416 ms | 3.37 GFLOP/s | 182.4 GB/s | check=PASS


==============================================================================
 [176/248]  lp_wood1p  |  OpenMP ELL | threads=8 | schedule=dynamic,16 | partition=row
 $ OMP_NUM_THREADS=8 ./spmv-omp-ell matrices/lp_wood1p.mtx --threads=8 --schedule=dynamic,16 --partition=row
==============================================================================
Reading sparse matrix from file (matrices/lp_wood1p.mtx): done

file=matrices/lp_wood1p.mtx rows=244 cols=2595 nonzeros=70216 max_row_len=2592
threads=8 schedule=dynamic,16 partition=row
storage: CSR 0.56 MB, ELL 5.06 MB (ELL/CSR = 8.99), padding 88.9%
correctness vs sequential CSR: PASS (relative L2 error 0.000e+00)
	Performing 800 iterations
	benchmarking OpenMP ELL-SpMV:   0.0434 ms (  3.24 GFLOP/s 175.0 GB/s)
 -> time=0.0434 ms | 3.24 GFLOP/s | 175.0 GB/s | check=PASS


==============================================================================
 [177/248]  lp_wood1p  |  OpenMP ELL | threads=8 | schedule=dynamic,64 | partition=row
 $ OMP_NUM_THREADS=8 ./spmv-omp-ell matrices/lp_wood1p.mtx --threads=8 --schedule=dynamic,64 --partition=row
==============================================================================
Reading sparse matrix from file (matrices/lp_wood1p.mtx): done

file=matrices/lp_wood1p.mtx rows=244 cols=2595 nonzeros=70216 max_row_len=2592
threads=8 schedule=dynamic,64 partition=row
storage: CSR 0.56 MB, ELL 5.06 MB (ELL/CSR = 8.99), padding 88.9%
correctness vs sequential CSR: PASS (relative L2 error 0.000e+00)
	Performing 800 iterations
	benchmarking OpenMP ELL-SpMV:   0.0814 ms (  1.72 GFLOP/s  93.2 GB/s)
 -> time=0.0814 ms | 1.72 GFLOP/s | 93.2 GB/s | check=PASS


==============================================================================
 [178/248]  lp_wood1p  |  OpenMP ELL | threads=8 | schedule=dynamic,256 | partition=row
 $ OMP_NUM_THREADS=8 ./spmv-omp-ell matrices/lp_wood1p.mtx --threads=8 --schedule=dynamic,256 --partition=row
==============================================================================
Reading sparse matrix from file (matrices/lp_wood1p.mtx): done

file=matrices/lp_wood1p.mtx rows=244 cols=2595 nonzeros=70216 max_row_len=2592
threads=8 schedule=dynamic,256 partition=row
storage: CSR 0.56 MB, ELL 5.06 MB (ELL/CSR = 8.99), padding 88.9%
correctness vs sequential CSR: PASS (relative L2 error 0.000e+00)
	Performing 800 iterations
	benchmarking OpenMP ELL-SpMV:   0.3039 ms (  0.46 GFLOP/s  25.0 GB/s)
 -> time=0.3039 ms | 0.46 GFLOP/s | 25.0 GB/s | check=PASS


==============================================================================
 [179/248]  lp_wood1p  |  OpenMP ELL | threads=8 | schedule=guided | partition=row
 $ OMP_NUM_THREADS=8 ./spmv-omp-ell matrices/lp_wood1p.mtx --threads=8 --schedule=guided --partition=row
==============================================================================
Reading sparse matrix from file (matrices/lp_wood1p.mtx): done

file=matrices/lp_wood1p.mtx rows=244 cols=2595 nonzeros=70216 max_row_len=2592
threads=8 schedule=guided partition=row
storage: CSR 0.56 MB, ELL 5.06 MB (ELL/CSR = 8.99), padding 88.9%
correctness vs sequential CSR: PASS (relative L2 error 0.000e+00)
	Performing 800 iterations
	benchmarking OpenMP ELL-SpMV:   0.0422 ms (  3.33 GFLOP/s 180.0 GB/s)
 -> time=0.0422 ms | 3.33 GFLOP/s | 180.0 GB/s | check=PASS


==============================================================================
 [180/248]  lp_wood1p  |  OpenMP ELL | threads=8 | schedule=static (irrelevant for nnz) | partition=nnz
 $ OMP_NUM_THREADS=8 ./spmv-omp-ell matrices/lp_wood1p.mtx --threads=8 --schedule=static --partition=nnz
==============================================================================
Reading sparse matrix from file (matrices/lp_wood1p.mtx): done

file=matrices/lp_wood1p.mtx rows=244 cols=2595 nonzeros=70216 max_row_len=2592
threads=8 schedule=static partition=nnz
storage: CSR 0.56 MB, ELL 5.06 MB (ELL/CSR = 8.99), padding 88.9%
correctness vs sequential CSR: PASS (relative L2 error 0.000e+00)
	Performing 800 iterations
	benchmarking OpenMP ELL-SpMV:   0.0652 ms (  2.15 GFLOP/s 116.4 GB/s)
 -> time=0.0652 ms | 2.15 GFLOP/s | 116.4 GB/s | check=PASS


==============================================================================
 [181/248]  lp_wood1p  |  OpenMP ELL | threads=16 | schedule=static | partition=row
 $ OMP_NUM_THREADS=16 ./spmv-omp-ell matrices/lp_wood1p.mtx --threads=16 --schedule=static --partition=row
==============================================================================
Reading sparse matrix from file (matrices/lp_wood1p.mtx): done

file=matrices/lp_wood1p.mtx rows=244 cols=2595 nonzeros=70216 max_row_len=2592
threads=16 schedule=static partition=row
storage: CSR 0.56 MB, ELL 5.06 MB (ELL/CSR = 8.99), padding 88.9%
correctness vs sequential CSR: PASS (relative L2 error 0.000e+00)
	Performing 800 iterations
	benchmarking OpenMP ELL-SpMV:   0.0250 ms (  5.63 GFLOP/s 304.1 GB/s)
 -> time=0.0250 ms | 5.63 GFLOP/s | 304.1 GB/s | check=PASS


==============================================================================
 [182/248]  lp_wood1p  |  OpenMP ELL | threads=16 | schedule=dynamic,16 | partition=row
 $ OMP_NUM_THREADS=16 ./spmv-omp-ell matrices/lp_wood1p.mtx --threads=16 --schedule=dynamic,16 --partition=row
==============================================================================
Reading sparse matrix from file (matrices/lp_wood1p.mtx): done

file=matrices/lp_wood1p.mtx rows=244 cols=2595 nonzeros=70216 max_row_len=2592
threads=16 schedule=dynamic,16 partition=row
storage: CSR 0.56 MB, ELL 5.06 MB (ELL/CSR = 8.99), padding 88.9%
correctness vs sequential CSR: PASS (relative L2 error 0.000e+00)
	Performing 800 iterations
	benchmarking OpenMP ELL-SpMV:   0.0255 ms (  5.51 GFLOP/s 298.0 GB/s)
 -> time=0.0255 ms | 5.51 GFLOP/s | 298.0 GB/s | check=PASS


==============================================================================
 [183/248]  lp_wood1p  |  OpenMP ELL | threads=16 | schedule=dynamic,64 | partition=row
 $ OMP_NUM_THREADS=16 ./spmv-omp-ell matrices/lp_wood1p.mtx --threads=16 --schedule=dynamic,64 --partition=row
==============================================================================
Reading sparse matrix from file (matrices/lp_wood1p.mtx): done

file=matrices/lp_wood1p.mtx rows=244 cols=2595 nonzeros=70216 max_row_len=2592
threads=16 schedule=dynamic,64 partition=row
storage: CSR 0.56 MB, ELL 5.06 MB (ELL/CSR = 8.99), padding 88.9%
correctness vs sequential CSR: PASS (relative L2 error 0.000e+00)
	Performing 800 iterations
	benchmarking OpenMP ELL-SpMV:   0.0833 ms (  1.69 GFLOP/s  91.2 GB/s)
 -> time=0.0833 ms | 1.69 GFLOP/s | 91.2 GB/s | check=PASS


==============================================================================
 [184/248]  lp_wood1p  |  OpenMP ELL | threads=16 | schedule=dynamic,256 | partition=row
 $ OMP_NUM_THREADS=16 ./spmv-omp-ell matrices/lp_wood1p.mtx --threads=16 --schedule=dynamic,256 --partition=row
==============================================================================
Reading sparse matrix from file (matrices/lp_wood1p.mtx): done

file=matrices/lp_wood1p.mtx rows=244 cols=2595 nonzeros=70216 max_row_len=2592
threads=16 schedule=dynamic,256 partition=row
storage: CSR 0.56 MB, ELL 5.06 MB (ELL/CSR = 8.99), padding 88.9%
correctness vs sequential CSR: PASS (relative L2 error 0.000e+00)
	Performing 800 iterations
	benchmarking OpenMP ELL-SpMV:   0.3054 ms (  0.46 GFLOP/s  24.9 GB/s)
 -> time=0.3054 ms | 0.46 GFLOP/s | 24.9 GB/s | check=PASS


==============================================================================
 [185/248]  lp_wood1p  |  OpenMP ELL | threads=16 | schedule=guided | partition=row
 $ OMP_NUM_THREADS=16 ./spmv-omp-ell matrices/lp_wood1p.mtx --threads=16 --schedule=guided --partition=row
==============================================================================
Reading sparse matrix from file (matrices/lp_wood1p.mtx): done

file=matrices/lp_wood1p.mtx rows=244 cols=2595 nonzeros=70216 max_row_len=2592
threads=16 schedule=guided partition=row
storage: CSR 0.56 MB, ELL 5.06 MB (ELL/CSR = 8.99), padding 88.9%
correctness vs sequential CSR: PASS (relative L2 error 0.000e+00)
	Performing 800 iterations
	benchmarking OpenMP ELL-SpMV:   0.0266 ms (  5.28 GFLOP/s 285.5 GB/s)
 -> time=0.0266 ms | 5.28 GFLOP/s | 285.5 GB/s | check=PASS


==============================================================================
 [186/248]  lp_wood1p  |  OpenMP ELL | threads=16 | schedule=static (irrelevant for nnz) | partition=nnz
 $ OMP_NUM_THREADS=16 ./spmv-omp-ell matrices/lp_wood1p.mtx --threads=16 --schedule=static --partition=nnz
==============================================================================
Reading sparse matrix from file (matrices/lp_wood1p.mtx): done

file=matrices/lp_wood1p.mtx rows=244 cols=2595 nonzeros=70216 max_row_len=2592
threads=16 schedule=static partition=nnz
storage: CSR 0.56 MB, ELL 5.06 MB (ELL/CSR = 8.99), padding 88.9%
correctness vs sequential CSR: PASS (relative L2 error 0.000e+00)
	Performing 800 iterations
	benchmarking OpenMP ELL-SpMV:   0.0396 ms (  3.54 GFLOP/s 191.5 GB/s)
 -> time=0.0396 ms | 3.54 GFLOP/s | 191.5 GB/s | check=PASS



##############################################################################
#  MATRIX: heart1
#  m=3557  nnz=1387773  avg=390.15  K(max)=1120  K/avg=2.87  ELL/CSR=2.87  padding=65.2%  -> predicted winner: CSR
##############################################################################


==============================================================================
 [187/248]  heart1  |  sequential CSR
 $ OMP_NUM_THREADS=1 ./spmv-csr matrices/heart1.mtx
==============================================================================
Reading sparse matrix from file (matrices/heart1.mtx): done

file=matrices/heart1.mtx rows=3557 cols=3557 nonzeros=1387773
storage: COO 16.65 MB, CSR 11.12 MB (CSR/COO = 0.668)
	Performing 800 iterations
	benchmarking CSR-SpMV:   0.6146 ms (  4.52 GFLOP/s  27.1 GB/s)
 -> time=0.6146 ms | 4.52 GFLOP/s | 27.1 GB/s | check=base


==============================================================================
 [188/248]  heart1  |  sequential ELL
 $ OMP_NUM_THREADS=1 ./spmv-ell matrices/heart1.mtx
==============================================================================
Reading sparse matrix from file (matrices/heart1.mtx): done

file=matrices/heart1.mtx rows=3557 cols=3557 nonzeros=1387773 max_row_len=1120
storage: COO 16.65 MB, CSR 11.12 MB, ELL 31.87 MB (ELL/CSR = 2.87)
padding: 2596067 of 3983840 slots are explicit zeros (65.2%)
conversion: 1.4925 ms
correctness vs CSR: PASS (relative L2 error 0.000e+00)
	Performing 800 iterations
	benchmarking ELL-SpMV:   1.8703 ms (  1.48 GFLOP/s  25.6 GB/s)
 -> time=1.8703 ms | 1.48 GFLOP/s | 25.6 GB/s | check=PASS


==============================================================================
 [189/248]  heart1  |  OpenMP CSR | threads=1 | schedule=static | partition=row
 $ OMP_NUM_THREADS=1 ./spmv-omp-csr matrices/heart1.mtx --threads=1 --schedule=static --partition=row
==============================================================================
Reading sparse matrix from file (matrices/heart1.mtx): done

file=matrices/heart1.mtx rows=3557 cols=3557 nonzeros=1387773
threads=1 schedule=static partition=row
storage: CSR 11.12 MB
correctness vs sequential CSR: PASS (relative L2 error 0.000e+00)
	Performing 800 iterations
	benchmarking OpenMP CSR-SpMV:   0.6134 ms (  4.52 GFLOP/s  27.2 GB/s)
 -> time=0.6134 ms | 4.52 GFLOP/s | 27.2 GB/s | check=PASS


==============================================================================
 [190/248]  heart1  |  OpenMP CSR | threads=1 | schedule=dynamic,16 | partition=row
 $ OMP_NUM_THREADS=1 ./spmv-omp-csr matrices/heart1.mtx --threads=1 --schedule=dynamic,16 --partition=row
==============================================================================
Reading sparse matrix from file (matrices/heart1.mtx): done

file=matrices/heart1.mtx rows=3557 cols=3557 nonzeros=1387773
threads=1 schedule=dynamic,16 partition=row
storage: CSR 11.12 MB
correctness vs sequential CSR: PASS (relative L2 error 0.000e+00)
	Performing 800 iterations
	benchmarking OpenMP CSR-SpMV:   0.6131 ms (  4.53 GFLOP/s  27.2 GB/s)
 -> time=0.6131 ms | 4.53 GFLOP/s | 27.2 GB/s | check=PASS


==============================================================================
 [191/248]  heart1  |  OpenMP CSR | threads=1 | schedule=dynamic,64 | partition=row
 $ OMP_NUM_THREADS=1 ./spmv-omp-csr matrices/heart1.mtx --threads=1 --schedule=dynamic,64 --partition=row
==============================================================================
Reading sparse matrix from file (matrices/heart1.mtx): done

file=matrices/heart1.mtx rows=3557 cols=3557 nonzeros=1387773
threads=1 schedule=dynamic,64 partition=row
storage: CSR 11.12 MB
correctness vs sequential CSR: PASS (relative L2 error 0.000e+00)
	Performing 800 iterations
	benchmarking OpenMP CSR-SpMV:   0.6077 ms (  4.57 GFLOP/s  27.4 GB/s)
 -> time=0.6077 ms | 4.57 GFLOP/s | 27.4 GB/s | check=PASS


==============================================================================
 [192/248]  heart1  |  OpenMP CSR | threads=1 | schedule=dynamic,256 | partition=row
 $ OMP_NUM_THREADS=1 ./spmv-omp-csr matrices/heart1.mtx --threads=1 --schedule=dynamic,256 --partition=row
==============================================================================
Reading sparse matrix from file (matrices/heart1.mtx): done

file=matrices/heart1.mtx rows=3557 cols=3557 nonzeros=1387773
threads=1 schedule=dynamic,256 partition=row
storage: CSR 11.12 MB
correctness vs sequential CSR: PASS (relative L2 error 0.000e+00)
	Performing 800 iterations
	benchmarking OpenMP CSR-SpMV:   0.6081 ms (  4.56 GFLOP/s  27.4 GB/s)
 -> time=0.6081 ms | 4.56 GFLOP/s | 27.4 GB/s | check=PASS


==============================================================================
 [193/248]  heart1  |  OpenMP CSR | threads=1 | schedule=guided | partition=row
 $ OMP_NUM_THREADS=1 ./spmv-omp-csr matrices/heart1.mtx --threads=1 --schedule=guided --partition=row
==============================================================================
Reading sparse matrix from file (matrices/heart1.mtx): done

file=matrices/heart1.mtx rows=3557 cols=3557 nonzeros=1387773
threads=1 schedule=guided partition=row
storage: CSR 11.12 MB
correctness vs sequential CSR: PASS (relative L2 error 0.000e+00)
	Performing 800 iterations
	benchmarking OpenMP CSR-SpMV:   0.6072 ms (  4.57 GFLOP/s  27.5 GB/s)
 -> time=0.6072 ms | 4.57 GFLOP/s | 27.5 GB/s | check=PASS


==============================================================================
 [194/248]  heart1  |  OpenMP CSR | threads=1 | schedule=static (irrelevant for nnz) | partition=nnz
 $ OMP_NUM_THREADS=1 ./spmv-omp-csr matrices/heart1.mtx --threads=1 --schedule=static --partition=nnz
==============================================================================
Reading sparse matrix from file (matrices/heart1.mtx): done

file=matrices/heart1.mtx rows=3557 cols=3557 nonzeros=1387773
threads=1 schedule=static partition=nnz
storage: CSR 11.12 MB
correctness vs sequential CSR: PASS (relative L2 error 0.000e+00)
	Performing 800 iterations
	benchmarking OpenMP CSR-SpMV:   0.6057 ms (  4.58 GFLOP/s  27.5 GB/s)
 -> time=0.6057 ms | 4.58 GFLOP/s | 27.5 GB/s | check=PASS


==============================================================================
 [195/248]  heart1  |  OpenMP CSR | threads=2 | schedule=static | partition=row
 $ OMP_NUM_THREADS=2 ./spmv-omp-csr matrices/heart1.mtx --threads=2 --schedule=static --partition=row
==============================================================================
Reading sparse matrix from file (matrices/heart1.mtx): done

file=matrices/heart1.mtx rows=3557 cols=3557 nonzeros=1387773
threads=2 schedule=static partition=row
storage: CSR 11.12 MB
correctness vs sequential CSR: PASS (relative L2 error 0.000e+00)
	Performing 800 iterations
	benchmarking OpenMP CSR-SpMV:   0.3064 ms (  9.06 GFLOP/s  54.5 GB/s)
 -> time=0.3064 ms | 9.06 GFLOP/s | 54.5 GB/s | check=PASS


==============================================================================
 [196/248]  heart1  |  OpenMP CSR | threads=2 | schedule=dynamic,16 | partition=row
 $ OMP_NUM_THREADS=2 ./spmv-omp-csr matrices/heart1.mtx --threads=2 --schedule=dynamic,16 --partition=row
==============================================================================
Reading sparse matrix from file (matrices/heart1.mtx): done

file=matrices/heart1.mtx rows=3557 cols=3557 nonzeros=1387773
threads=2 schedule=dynamic,16 partition=row
storage: CSR 11.12 MB
correctness vs sequential CSR: PASS (relative L2 error 0.000e+00)
	Performing 800 iterations
	benchmarking OpenMP CSR-SpMV:   0.3257 ms (  8.52 GFLOP/s  51.2 GB/s)
 -> time=0.3257 ms | 8.52 GFLOP/s | 51.2 GB/s | check=PASS


==============================================================================
 [197/248]  heart1  |  OpenMP CSR | threads=2 | schedule=dynamic,64 | partition=row
 $ OMP_NUM_THREADS=2 ./spmv-omp-csr matrices/heart1.mtx --threads=2 --schedule=dynamic,64 --partition=row
==============================================================================
Reading sparse matrix from file (matrices/heart1.mtx): done

file=matrices/heart1.mtx rows=3557 cols=3557 nonzeros=1387773
threads=2 schedule=dynamic,64 partition=row
storage: CSR 11.12 MB
correctness vs sequential CSR: PASS (relative L2 error 0.000e+00)
	Performing 800 iterations
	benchmarking OpenMP CSR-SpMV:   0.3136 ms (  8.85 GFLOP/s  53.2 GB/s)
 -> time=0.3136 ms | 8.85 GFLOP/s | 53.2 GB/s | check=PASS


==============================================================================
 [198/248]  heart1  |  OpenMP CSR | threads=2 | schedule=dynamic,256 | partition=row
 $ OMP_NUM_THREADS=2 ./spmv-omp-csr matrices/heart1.mtx --threads=2 --schedule=dynamic,256 --partition=row
==============================================================================
Reading sparse matrix from file (matrices/heart1.mtx): done

file=matrices/heart1.mtx rows=3557 cols=3557 nonzeros=1387773
threads=2 schedule=dynamic,256 partition=row
storage: CSR 11.12 MB
correctness vs sequential CSR: PASS (relative L2 error 0.000e+00)
	Performing 800 iterations
	benchmarking OpenMP CSR-SpMV:   0.3152 ms (  8.81 GFLOP/s  52.9 GB/s)
 -> time=0.3152 ms | 8.81 GFLOP/s | 52.9 GB/s | check=PASS


==============================================================================
 [199/248]  heart1  |  OpenMP CSR | threads=2 | schedule=guided | partition=row
 $ OMP_NUM_THREADS=2 ./spmv-omp-csr matrices/heart1.mtx --threads=2 --schedule=guided --partition=row
==============================================================================
Reading sparse matrix from file (matrices/heart1.mtx): done

file=matrices/heart1.mtx rows=3557 cols=3557 nonzeros=1387773
threads=2 schedule=guided partition=row
storage: CSR 11.12 MB
correctness vs sequential CSR: PASS (relative L2 error 0.000e+00)
	Performing 800 iterations
	benchmarking OpenMP CSR-SpMV:   0.3062 ms (  9.06 GFLOP/s  54.5 GB/s)
 -> time=0.3062 ms | 9.06 GFLOP/s | 54.5 GB/s | check=PASS


==============================================================================
 [200/248]  heart1  |  OpenMP CSR | threads=2 | schedule=static (irrelevant for nnz) | partition=nnz
 $ OMP_NUM_THREADS=2 ./spmv-omp-csr matrices/heart1.mtx --threads=2 --schedule=static --partition=nnz
==============================================================================
Reading sparse matrix from file (matrices/heart1.mtx): done

file=matrices/heart1.mtx rows=3557 cols=3557 nonzeros=1387773
threads=2 schedule=static partition=nnz
storage: CSR 11.12 MB
correctness vs sequential CSR: PASS (relative L2 error 0.000e+00)
	Performing 800 iterations
	benchmarking OpenMP CSR-SpMV:   0.3057 ms (  9.08 GFLOP/s  54.6 GB/s)
 -> time=0.3057 ms | 9.08 GFLOP/s | 54.6 GB/s | check=PASS


==============================================================================
 [201/248]  heart1  |  OpenMP CSR | threads=4 | schedule=static | partition=row
 $ OMP_NUM_THREADS=4 ./spmv-omp-csr matrices/heart1.mtx --threads=4 --schedule=static --partition=row
==============================================================================
Reading sparse matrix from file (matrices/heart1.mtx): done

file=matrices/heart1.mtx rows=3557 cols=3557 nonzeros=1387773
threads=4 schedule=static partition=row
storage: CSR 11.12 MB
correctness vs sequential CSR: PASS (relative L2 error 0.000e+00)
	Performing 800 iterations
	benchmarking OpenMP CSR-SpMV:   0.1631 ms ( 17.01 GFLOP/s 102.3 GB/s)
 -> time=0.1631 ms | 17.01 GFLOP/s | 102.3 GB/s | check=PASS


==============================================================================
 [202/248]  heart1  |  OpenMP CSR | threads=4 | schedule=dynamic,16 | partition=row
 $ OMP_NUM_THREADS=4 ./spmv-omp-csr matrices/heart1.mtx --threads=4 --schedule=dynamic,16 --partition=row
==============================================================================
Reading sparse matrix from file (matrices/heart1.mtx): done

file=matrices/heart1.mtx rows=3557 cols=3557 nonzeros=1387773
threads=4 schedule=dynamic,16 partition=row
storage: CSR 11.12 MB
correctness vs sequential CSR: PASS (relative L2 error 0.000e+00)
	Performing 800 iterations
	benchmarking OpenMP CSR-SpMV:   0.1650 ms ( 16.82 GFLOP/s 101.1 GB/s)
 -> time=0.1650 ms | 16.82 GFLOP/s | 101.1 GB/s | check=PASS


==============================================================================
 [203/248]  heart1  |  OpenMP CSR | threads=4 | schedule=dynamic,64 | partition=row
 $ OMP_NUM_THREADS=4 ./spmv-omp-csr matrices/heart1.mtx --threads=4 --schedule=dynamic,64 --partition=row
==============================================================================
Reading sparse matrix from file (matrices/heart1.mtx): done

file=matrices/heart1.mtx rows=3557 cols=3557 nonzeros=1387773
threads=4 schedule=dynamic,64 partition=row
storage: CSR 11.12 MB
correctness vs sequential CSR: PASS (relative L2 error 0.000e+00)
	Performing 800 iterations
	benchmarking OpenMP CSR-SpMV:   0.1625 ms ( 17.08 GFLOP/s 102.6 GB/s)
 -> time=0.1625 ms | 17.08 GFLOP/s | 102.6 GB/s | check=PASS


==============================================================================
 [204/248]  heart1  |  OpenMP CSR | threads=4 | schedule=dynamic,256 | partition=row
 $ OMP_NUM_THREADS=4 ./spmv-omp-csr matrices/heart1.mtx --threads=4 --schedule=dynamic,256 --partition=row
==============================================================================
Reading sparse matrix from file (matrices/heart1.mtx): done

file=matrices/heart1.mtx rows=3557 cols=3557 nonzeros=1387773
threads=4 schedule=dynamic,256 partition=row
storage: CSR 11.12 MB
correctness vs sequential CSR: PASS (relative L2 error 0.000e+00)
	Performing 800 iterations
	benchmarking OpenMP CSR-SpMV:   0.1813 ms ( 15.31 GFLOP/s  92.0 GB/s)
 -> time=0.1813 ms | 15.31 GFLOP/s | 92.0 GB/s | check=PASS


==============================================================================
 [205/248]  heart1  |  OpenMP CSR | threads=4 | schedule=guided | partition=row
 $ OMP_NUM_THREADS=4 ./spmv-omp-csr matrices/heart1.mtx --threads=4 --schedule=guided --partition=row
==============================================================================
Reading sparse matrix from file (matrices/heart1.mtx): done

file=matrices/heart1.mtx rows=3557 cols=3557 nonzeros=1387773
threads=4 schedule=guided partition=row
storage: CSR 11.12 MB
correctness vs sequential CSR: PASS (relative L2 error 0.000e+00)
	Performing 800 iterations
	benchmarking OpenMP CSR-SpMV:   0.1555 ms ( 17.85 GFLOP/s 107.3 GB/s)
 -> time=0.1555 ms | 17.85 GFLOP/s | 107.3 GB/s | check=PASS


==============================================================================
 [206/248]  heart1  |  OpenMP CSR | threads=4 | schedule=static (irrelevant for nnz) | partition=nnz
 $ OMP_NUM_THREADS=4 ./spmv-omp-csr matrices/heart1.mtx --threads=4 --schedule=static --partition=nnz
==============================================================================
Reading sparse matrix from file (matrices/heart1.mtx): done

file=matrices/heart1.mtx rows=3557 cols=3557 nonzeros=1387773
threads=4 schedule=static partition=nnz
storage: CSR 11.12 MB
correctness vs sequential CSR: PASS (relative L2 error 0.000e+00)
	Performing 800 iterations
	benchmarking OpenMP CSR-SpMV:   0.1548 ms ( 17.93 GFLOP/s 107.8 GB/s)
 -> time=0.1548 ms | 17.93 GFLOP/s | 107.8 GB/s | check=PASS


==============================================================================
 [207/248]  heart1  |  OpenMP CSR | threads=8 | schedule=static | partition=row
 $ OMP_NUM_THREADS=8 ./spmv-omp-csr matrices/heart1.mtx --threads=8 --schedule=static --partition=row
==============================================================================
Reading sparse matrix from file (matrices/heart1.mtx): done

file=matrices/heart1.mtx rows=3557 cols=3557 nonzeros=1387773
threads=8 schedule=static partition=row
storage: CSR 11.12 MB
correctness vs sequential CSR: PASS (relative L2 error 0.000e+00)
	Performing 800 iterations
	benchmarking OpenMP CSR-SpMV:   0.0987 ms ( 28.11 GFLOP/s 168.9 GB/s)
 -> time=0.0987 ms | 28.11 GFLOP/s | 168.9 GB/s | check=PASS


==============================================================================
 [208/248]  heart1  |  OpenMP CSR | threads=8 | schedule=dynamic,16 | partition=row
 $ OMP_NUM_THREADS=8 ./spmv-omp-csr matrices/heart1.mtx --threads=8 --schedule=dynamic,16 --partition=row
==============================================================================
Reading sparse matrix from file (matrices/heart1.mtx): done

file=matrices/heart1.mtx rows=3557 cols=3557 nonzeros=1387773
threads=8 schedule=dynamic,16 partition=row
storage: CSR 11.12 MB
correctness vs sequential CSR: PASS (relative L2 error 0.000e+00)
	Performing 800 iterations
	benchmarking OpenMP CSR-SpMV:   0.0840 ms ( 33.02 GFLOP/s 198.5 GB/s)
 -> time=0.0840 ms | 33.02 GFLOP/s | 198.5 GB/s | check=PASS


==============================================================================
 [209/248]  heart1  |  OpenMP CSR | threads=8 | schedule=dynamic,64 | partition=row
 $ OMP_NUM_THREADS=8 ./spmv-omp-csr matrices/heart1.mtx --threads=8 --schedule=dynamic,64 --partition=row
==============================================================================
Reading sparse matrix from file (matrices/heart1.mtx): done

file=matrices/heart1.mtx rows=3557 cols=3557 nonzeros=1387773
threads=8 schedule=dynamic,64 partition=row
storage: CSR 11.12 MB
correctness vs sequential CSR: PASS (relative L2 error 0.000e+00)
	Performing 800 iterations
	benchmarking OpenMP CSR-SpMV:   0.0873 ms ( 31.80 GFLOP/s 191.2 GB/s)
 -> time=0.0873 ms | 31.80 GFLOP/s | 191.2 GB/s | check=PASS


==============================================================================
 [210/248]  heart1  |  OpenMP CSR | threads=8 | schedule=dynamic,256 | partition=row
 $ OMP_NUM_THREADS=8 ./spmv-omp-csr matrices/heart1.mtx --threads=8 --schedule=dynamic,256 --partition=row
==============================================================================
Reading sparse matrix from file (matrices/heart1.mtx): done

file=matrices/heart1.mtx rows=3557 cols=3557 nonzeros=1387773
threads=8 schedule=dynamic,256 partition=row
storage: CSR 11.12 MB
correctness vs sequential CSR: PASS (relative L2 error 0.000e+00)
	Performing 800 iterations
	benchmarking OpenMP CSR-SpMV:   0.1011 ms ( 27.45 GFLOP/s 165.0 GB/s)
 -> time=0.1011 ms | 27.45 GFLOP/s | 165.0 GB/s | check=PASS


==============================================================================
 [211/248]  heart1  |  OpenMP CSR | threads=8 | schedule=guided | partition=row
 $ OMP_NUM_THREADS=8 ./spmv-omp-csr matrices/heart1.mtx --threads=8 --schedule=guided --partition=row
==============================================================================
Reading sparse matrix from file (matrices/heart1.mtx): done

file=matrices/heart1.mtx rows=3557 cols=3557 nonzeros=1387773
threads=8 schedule=guided partition=row
storage: CSR 11.12 MB
correctness vs sequential CSR: PASS (relative L2 error 0.000e+00)
	Performing 800 iterations
	benchmarking OpenMP CSR-SpMV:   0.0815 ms ( 34.07 GFLOP/s 204.8 GB/s)
 -> time=0.0815 ms | 34.07 GFLOP/s | 204.8 GB/s | check=PASS


==============================================================================
 [212/248]  heart1  |  OpenMP CSR | threads=8 | schedule=static (irrelevant for nnz) | partition=nnz
 $ OMP_NUM_THREADS=8 ./spmv-omp-csr matrices/heart1.mtx --threads=8 --schedule=static --partition=nnz
==============================================================================
Reading sparse matrix from file (matrices/heart1.mtx): done

file=matrices/heart1.mtx rows=3557 cols=3557 nonzeros=1387773
threads=8 schedule=static partition=nnz
storage: CSR 11.12 MB
correctness vs sequential CSR: PASS (relative L2 error 0.000e+00)
	Performing 800 iterations
	benchmarking OpenMP CSR-SpMV:   0.0820 ms ( 33.85 GFLOP/s 203.4 GB/s)
 -> time=0.0820 ms | 33.85 GFLOP/s | 203.4 GB/s | check=PASS


==============================================================================
 [213/248]  heart1  |  OpenMP CSR | threads=16 | schedule=static | partition=row
 $ OMP_NUM_THREADS=16 ./spmv-omp-csr matrices/heart1.mtx --threads=16 --schedule=static --partition=row
==============================================================================
Reading sparse matrix from file (matrices/heart1.mtx): done

file=matrices/heart1.mtx rows=3557 cols=3557 nonzeros=1387773
threads=16 schedule=static partition=row
storage: CSR 11.12 MB
correctness vs sequential CSR: PASS (relative L2 error 0.000e+00)
	Performing 800 iterations
	benchmarking OpenMP CSR-SpMV:   0.0544 ms ( 50.98 GFLOP/s 306.4 GB/s)
 -> time=0.0544 ms | 50.98 GFLOP/s | 306.4 GB/s | check=PASS


==============================================================================
 [214/248]  heart1  |  OpenMP CSR | threads=16 | schedule=dynamic,16 | partition=row
 $ OMP_NUM_THREADS=16 ./spmv-omp-csr matrices/heart1.mtx --threads=16 --schedule=dynamic,16 --partition=row
==============================================================================
Reading sparse matrix from file (matrices/heart1.mtx): done

file=matrices/heart1.mtx rows=3557 cols=3557 nonzeros=1387773
threads=16 schedule=dynamic,16 partition=row
storage: CSR 11.12 MB
correctness vs sequential CSR: PASS (relative L2 error 0.000e+00)
	Performing 800 iterations
	benchmarking OpenMP CSR-SpMV:   0.0593 ms ( 46.82 GFLOP/s 281.4 GB/s)
 -> time=0.0593 ms | 46.82 GFLOP/s | 281.4 GB/s | check=PASS


==============================================================================
 [215/248]  heart1  |  OpenMP CSR | threads=16 | schedule=dynamic,64 | partition=row
 $ OMP_NUM_THREADS=16 ./spmv-omp-csr matrices/heart1.mtx --threads=16 --schedule=dynamic,64 --partition=row
==============================================================================
Reading sparse matrix from file (matrices/heart1.mtx): done

file=matrices/heart1.mtx rows=3557 cols=3557 nonzeros=1387773
threads=16 schedule=dynamic,64 partition=row
storage: CSR 11.12 MB
correctness vs sequential CSR: PASS (relative L2 error 0.000e+00)
	Performing 800 iterations
	benchmarking OpenMP CSR-SpMV:   0.0590 ms ( 47.06 GFLOP/s 282.9 GB/s)
 -> time=0.0590 ms | 47.06 GFLOP/s | 282.9 GB/s | check=PASS


==============================================================================
 [216/248]  heart1  |  OpenMP CSR | threads=16 | schedule=dynamic,256 | partition=row
 $ OMP_NUM_THREADS=16 ./spmv-omp-csr matrices/heart1.mtx --threads=16 --schedule=dynamic,256 --partition=row
==============================================================================
Reading sparse matrix from file (matrices/heart1.mtx): done

file=matrices/heart1.mtx rows=3557 cols=3557 nonzeros=1387773
threads=16 schedule=dynamic,256 partition=row
storage: CSR 11.12 MB
correctness vs sequential CSR: PASS (relative L2 error 0.000e+00)
	Performing 800 iterations
	benchmarking OpenMP CSR-SpMV:   0.0621 ms ( 44.71 GFLOP/s 268.7 GB/s)
 -> time=0.0621 ms | 44.71 GFLOP/s | 268.7 GB/s | check=PASS


==============================================================================
 [217/248]  heart1  |  OpenMP CSR | threads=16 | schedule=guided | partition=row
 $ OMP_NUM_THREADS=16 ./spmv-omp-csr matrices/heart1.mtx --threads=16 --schedule=guided --partition=row
==============================================================================
Reading sparse matrix from file (matrices/heart1.mtx): done

file=matrices/heart1.mtx rows=3557 cols=3557 nonzeros=1387773
threads=16 schedule=guided partition=row
storage: CSR 11.12 MB
correctness vs sequential CSR: PASS (relative L2 error 0.000e+00)
	Performing 800 iterations
	benchmarking OpenMP CSR-SpMV:   0.0531 ms ( 52.28 GFLOP/s 314.2 GB/s)
 -> time=0.0531 ms | 52.28 GFLOP/s | 314.2 GB/s | check=PASS


==============================================================================
 [218/248]  heart1  |  OpenMP CSR | threads=16 | schedule=static (irrelevant for nnz) | partition=nnz
 $ OMP_NUM_THREADS=16 ./spmv-omp-csr matrices/heart1.mtx --threads=16 --schedule=static --partition=nnz
==============================================================================
Reading sparse matrix from file (matrices/heart1.mtx): done

file=matrices/heart1.mtx rows=3557 cols=3557 nonzeros=1387773
threads=16 schedule=static partition=nnz
storage: CSR 11.12 MB
correctness vs sequential CSR: PASS (relative L2 error 0.000e+00)
	Performing 800 iterations
	benchmarking OpenMP CSR-SpMV:   0.0487 ms ( 56.99 GFLOP/s 342.5 GB/s)
 -> time=0.0487 ms | 56.99 GFLOP/s | 342.5 GB/s | check=PASS


==============================================================================
 [219/248]  heart1  |  OpenMP ELL | threads=1 | schedule=static | partition=row
 $ OMP_NUM_THREADS=1 ./spmv-omp-ell matrices/heart1.mtx --threads=1 --schedule=static --partition=row
==============================================================================
Reading sparse matrix from file (matrices/heart1.mtx): done

file=matrices/heart1.mtx rows=3557 cols=3557 nonzeros=1387773 max_row_len=1120
threads=1 schedule=static partition=row
storage: CSR 11.12 MB, ELL 31.87 MB (ELL/CSR = 2.87), padding 65.2%
correctness vs sequential CSR: PASS (relative L2 error 0.000e+00)
	Performing 800 iterations
	benchmarking OpenMP ELL-SpMV:   1.8650 ms (  1.49 GFLOP/s  25.6 GB/s)
 -> time=1.8650 ms | 1.49 GFLOP/s | 25.6 GB/s | check=PASS


==============================================================================
 [220/248]  heart1  |  OpenMP ELL | threads=1 | schedule=dynamic,16 | partition=row
 $ OMP_NUM_THREADS=1 ./spmv-omp-ell matrices/heart1.mtx --threads=1 --schedule=dynamic,16 --partition=row
==============================================================================
Reading sparse matrix from file (matrices/heart1.mtx): done

file=matrices/heart1.mtx rows=3557 cols=3557 nonzeros=1387773 max_row_len=1120
threads=1 schedule=dynamic,16 partition=row
storage: CSR 11.12 MB, ELL 31.87 MB (ELL/CSR = 2.87), padding 65.2%
correctness vs sequential CSR: PASS (relative L2 error 0.000e+00)
	Performing 800 iterations
	benchmarking OpenMP ELL-SpMV:   1.8720 ms (  1.48 GFLOP/s  25.5 GB/s)
 -> time=1.8720 ms | 1.48 GFLOP/s | 25.5 GB/s | check=PASS


==============================================================================
 [221/248]  heart1  |  OpenMP ELL | threads=1 | schedule=dynamic,64 | partition=row
 $ OMP_NUM_THREADS=1 ./spmv-omp-ell matrices/heart1.mtx --threads=1 --schedule=dynamic,64 --partition=row
==============================================================================
Reading sparse matrix from file (matrices/heart1.mtx): done

file=matrices/heart1.mtx rows=3557 cols=3557 nonzeros=1387773 max_row_len=1120
threads=1 schedule=dynamic,64 partition=row
storage: CSR 11.12 MB, ELL 31.87 MB (ELL/CSR = 2.87), padding 65.2%
correctness vs sequential CSR: PASS (relative L2 error 0.000e+00)
	Performing 800 iterations
	benchmarking OpenMP ELL-SpMV:   1.8849 ms (  1.47 GFLOP/s  25.4 GB/s)
 -> time=1.8849 ms | 1.47 GFLOP/s | 25.4 GB/s | check=PASS


==============================================================================
 [222/248]  heart1  |  OpenMP ELL | threads=1 | schedule=dynamic,256 | partition=row
 $ OMP_NUM_THREADS=1 ./spmv-omp-ell matrices/heart1.mtx --threads=1 --schedule=dynamic,256 --partition=row
==============================================================================
Reading sparse matrix from file (matrices/heart1.mtx): done

file=matrices/heart1.mtx rows=3557 cols=3557 nonzeros=1387773 max_row_len=1120
threads=1 schedule=dynamic,256 partition=row
storage: CSR 11.12 MB, ELL 31.87 MB (ELL/CSR = 2.87), padding 65.2%
correctness vs sequential CSR: PASS (relative L2 error 0.000e+00)
	Performing 800 iterations
	benchmarking OpenMP ELL-SpMV:   1.8762 ms (  1.48 GFLOP/s  25.5 GB/s)
 -> time=1.8762 ms | 1.48 GFLOP/s | 25.5 GB/s | check=PASS


==============================================================================
 [223/248]  heart1  |  OpenMP ELL | threads=1 | schedule=guided | partition=row
 $ OMP_NUM_THREADS=1 ./spmv-omp-ell matrices/heart1.mtx --threads=1 --schedule=guided --partition=row
==============================================================================
Reading sparse matrix from file (matrices/heart1.mtx): done

file=matrices/heart1.mtx rows=3557 cols=3557 nonzeros=1387773 max_row_len=1120
threads=1 schedule=guided partition=row
storage: CSR 11.12 MB, ELL 31.87 MB (ELL/CSR = 2.87), padding 65.2%
correctness vs sequential CSR: PASS (relative L2 error 0.000e+00)
	Performing 800 iterations
	benchmarking OpenMP ELL-SpMV:   1.8715 ms (  1.48 GFLOP/s  25.6 GB/s)
 -> time=1.8715 ms | 1.48 GFLOP/s | 25.6 GB/s | check=PASS


==============================================================================
 [224/248]  heart1  |  OpenMP ELL | threads=1 | schedule=static (irrelevant for nnz) | partition=nnz
 $ OMP_NUM_THREADS=1 ./spmv-omp-ell matrices/heart1.mtx --threads=1 --schedule=static --partition=nnz
==============================================================================
Reading sparse matrix from file (matrices/heart1.mtx): done

file=matrices/heart1.mtx rows=3557 cols=3557 nonzeros=1387773 max_row_len=1120
threads=1 schedule=static partition=nnz
storage: CSR 11.12 MB, ELL 31.87 MB (ELL/CSR = 2.87), padding 65.2%
correctness vs sequential CSR: PASS (relative L2 error 0.000e+00)
	Performing 800 iterations
	benchmarking OpenMP ELL-SpMV:   1.8843 ms (  1.47 GFLOP/s  25.4 GB/s)
 -> time=1.8843 ms | 1.47 GFLOP/s | 25.4 GB/s | check=PASS


==============================================================================
 [225/248]  heart1  |  OpenMP ELL | threads=2 | schedule=static | partition=row
 $ OMP_NUM_THREADS=2 ./spmv-omp-ell matrices/heart1.mtx --threads=2 --schedule=static --partition=row
==============================================================================
Reading sparse matrix from file (matrices/heart1.mtx): done

file=matrices/heart1.mtx rows=3557 cols=3557 nonzeros=1387773 max_row_len=1120
threads=2 schedule=static partition=row
storage: CSR 11.12 MB, ELL 31.87 MB (ELL/CSR = 2.87), padding 65.2%
correctness vs sequential CSR: PASS (relative L2 error 0.000e+00)
	Performing 800 iterations
	benchmarking OpenMP ELL-SpMV:   0.9402 ms (  2.95 GFLOP/s  50.9 GB/s)
 -> time=0.9402 ms | 2.95 GFLOP/s | 50.9 GB/s | check=PASS


==============================================================================
 [226/248]  heart1  |  OpenMP ELL | threads=2 | schedule=dynamic,16 | partition=row
 $ OMP_NUM_THREADS=2 ./spmv-omp-ell matrices/heart1.mtx --threads=2 --schedule=dynamic,16 --partition=row
==============================================================================
Reading sparse matrix from file (matrices/heart1.mtx): done

file=matrices/heart1.mtx rows=3557 cols=3557 nonzeros=1387773 max_row_len=1120
threads=2 schedule=dynamic,16 partition=row
storage: CSR 11.12 MB, ELL 31.87 MB (ELL/CSR = 2.87), padding 65.2%
correctness vs sequential CSR: PASS (relative L2 error 0.000e+00)
	Performing 800 iterations
	benchmarking OpenMP ELL-SpMV:   0.9594 ms (  2.89 GFLOP/s  49.8 GB/s)
 -> time=0.9594 ms | 2.89 GFLOP/s | 49.8 GB/s | check=PASS


==============================================================================
 [227/248]  heart1  |  OpenMP ELL | threads=2 | schedule=dynamic,64 | partition=row
 $ OMP_NUM_THREADS=2 ./spmv-omp-ell matrices/heart1.mtx --threads=2 --schedule=dynamic,64 --partition=row
==============================================================================
Reading sparse matrix from file (matrices/heart1.mtx): done

file=matrices/heart1.mtx rows=3557 cols=3557 nonzeros=1387773 max_row_len=1120
threads=2 schedule=dynamic,64 partition=row
storage: CSR 11.12 MB, ELL 31.87 MB (ELL/CSR = 2.87), padding 65.2%
correctness vs sequential CSR: PASS (relative L2 error 0.000e+00)
	Performing 800 iterations
	benchmarking OpenMP ELL-SpMV:   0.9493 ms (  2.92 GFLOP/s  50.4 GB/s)
 -> time=0.9493 ms | 2.92 GFLOP/s | 50.4 GB/s | check=PASS


==============================================================================
 [228/248]  heart1  |  OpenMP ELL | threads=2 | schedule=dynamic,256 | partition=row
 $ OMP_NUM_THREADS=2 ./spmv-omp-ell matrices/heart1.mtx --threads=2 --schedule=dynamic,256 --partition=row
==============================================================================
Reading sparse matrix from file (matrices/heart1.mtx): done

file=matrices/heart1.mtx rows=3557 cols=3557 nonzeros=1387773 max_row_len=1120
threads=2 schedule=dynamic,256 partition=row
storage: CSR 11.12 MB, ELL 31.87 MB (ELL/CSR = 2.87), padding 65.2%
correctness vs sequential CSR: PASS (relative L2 error 0.000e+00)
	Performing 800 iterations
	benchmarking OpenMP ELL-SpMV:   0.9419 ms (  2.95 GFLOP/s  50.8 GB/s)
 -> time=0.9419 ms | 2.95 GFLOP/s | 50.8 GB/s | check=PASS


==============================================================================
 [229/248]  heart1  |  OpenMP ELL | threads=2 | schedule=guided | partition=row
 $ OMP_NUM_THREADS=2 ./spmv-omp-ell matrices/heart1.mtx --threads=2 --schedule=guided --partition=row
==============================================================================
Reading sparse matrix from file (matrices/heart1.mtx): done

file=matrices/heart1.mtx rows=3557 cols=3557 nonzeros=1387773 max_row_len=1120
threads=2 schedule=guided partition=row
storage: CSR 11.12 MB, ELL 31.87 MB (ELL/CSR = 2.87), padding 65.2%
correctness vs sequential CSR: PASS (relative L2 error 0.000e+00)
	Performing 800 iterations
	benchmarking OpenMP ELL-SpMV:   0.9397 ms (  2.95 GFLOP/s  50.9 GB/s)
 -> time=0.9397 ms | 2.95 GFLOP/s | 50.9 GB/s | check=PASS


==============================================================================
 [230/248]  heart1  |  OpenMP ELL | threads=2 | schedule=static (irrelevant for nnz) | partition=nnz
 $ OMP_NUM_THREADS=2 ./spmv-omp-ell matrices/heart1.mtx --threads=2 --schedule=static --partition=nnz
==============================================================================
Reading sparse matrix from file (matrices/heart1.mtx): done

file=matrices/heart1.mtx rows=3557 cols=3557 nonzeros=1387773 max_row_len=1120
threads=2 schedule=static partition=nnz
storage: CSR 11.12 MB, ELL 31.87 MB (ELL/CSR = 2.87), padding 65.2%
correctness vs sequential CSR: PASS (relative L2 error 0.000e+00)
	Performing 800 iterations
	benchmarking OpenMP ELL-SpMV:   0.9420 ms (  2.95 GFLOP/s  50.8 GB/s)
 -> time=0.9420 ms | 2.95 GFLOP/s | 50.8 GB/s | check=PASS


==============================================================================
 [231/248]  heart1  |  OpenMP ELL | threads=4 | schedule=static | partition=row
 $ OMP_NUM_THREADS=4 ./spmv-omp-ell matrices/heart1.mtx --threads=4 --schedule=static --partition=row
==============================================================================
Reading sparse matrix from file (matrices/heart1.mtx): done

file=matrices/heart1.mtx rows=3557 cols=3557 nonzeros=1387773 max_row_len=1120
threads=4 schedule=static partition=row
storage: CSR 11.12 MB, ELL 31.87 MB (ELL/CSR = 2.87), padding 65.2%
correctness vs sequential CSR: PASS (relative L2 error 0.000e+00)
	Performing 800 iterations
	benchmarking OpenMP ELL-SpMV:   0.4713 ms (  5.89 GFLOP/s 101.5 GB/s)
 -> time=0.4713 ms | 5.89 GFLOP/s | 101.5 GB/s | check=PASS


==============================================================================
 [232/248]  heart1  |  OpenMP ELL | threads=4 | schedule=dynamic,16 | partition=row
 $ OMP_NUM_THREADS=4 ./spmv-omp-ell matrices/heart1.mtx --threads=4 --schedule=dynamic,16 --partition=row
==============================================================================
Reading sparse matrix from file (matrices/heart1.mtx): done

file=matrices/heart1.mtx rows=3557 cols=3557 nonzeros=1387773 max_row_len=1120
threads=4 schedule=dynamic,16 partition=row
storage: CSR 11.12 MB, ELL 31.87 MB (ELL/CSR = 2.87), padding 65.2%
correctness vs sequential CSR: PASS (relative L2 error 0.000e+00)
	Performing 800 iterations
	benchmarking OpenMP ELL-SpMV:   0.4818 ms (  5.76 GFLOP/s  99.3 GB/s)
 -> time=0.4818 ms | 5.76 GFLOP/s | 99.3 GB/s | check=PASS


==============================================================================
 [233/248]  heart1  |  OpenMP ELL | threads=4 | schedule=dynamic,64 | partition=row
 $ OMP_NUM_THREADS=4 ./spmv-omp-ell matrices/heart1.mtx --threads=4 --schedule=dynamic,64 --partition=row
==============================================================================
Reading sparse matrix from file (matrices/heart1.mtx): done

file=matrices/heart1.mtx rows=3557 cols=3557 nonzeros=1387773 max_row_len=1120
threads=4 schedule=dynamic,64 partition=row
storage: CSR 11.12 MB, ELL 31.87 MB (ELL/CSR = 2.87), padding 65.2%
correctness vs sequential CSR: PASS (relative L2 error 0.000e+00)
	Performing 800 iterations
	benchmarking OpenMP ELL-SpMV:   0.4763 ms (  5.83 GFLOP/s 100.4 GB/s)
 -> time=0.4763 ms | 5.83 GFLOP/s | 100.4 GB/s | check=PASS


==============================================================================
 [234/248]  heart1  |  OpenMP ELL | threads=4 | schedule=dynamic,256 | partition=row
 $ OMP_NUM_THREADS=4 ./spmv-omp-ell matrices/heart1.mtx --threads=4 --schedule=dynamic,256 --partition=row
==============================================================================
Reading sparse matrix from file (matrices/heart1.mtx): done

file=matrices/heart1.mtx rows=3557 cols=3557 nonzeros=1387773 max_row_len=1120
threads=4 schedule=dynamic,256 partition=row
storage: CSR 11.12 MB, ELL 31.87 MB (ELL/CSR = 2.87), padding 65.2%
correctness vs sequential CSR: PASS (relative L2 error 0.000e+00)
	Performing 800 iterations
	benchmarking OpenMP ELL-SpMV:   0.5398 ms (  5.14 GFLOP/s  88.6 GB/s)
 -> time=0.5398 ms | 5.14 GFLOP/s | 88.6 GB/s | check=PASS


==============================================================================
 [235/248]  heart1  |  OpenMP ELL | threads=4 | schedule=guided | partition=row
 $ OMP_NUM_THREADS=4 ./spmv-omp-ell matrices/heart1.mtx --threads=4 --schedule=guided --partition=row
==============================================================================
Reading sparse matrix from file (matrices/heart1.mtx): done

file=matrices/heart1.mtx rows=3557 cols=3557 nonzeros=1387773 max_row_len=1120
threads=4 schedule=guided partition=row
storage: CSR 11.12 MB, ELL 31.87 MB (ELL/CSR = 2.87), padding 65.2%
correctness vs sequential CSR: PASS (relative L2 error 0.000e+00)
	Performing 800 iterations
	benchmarking OpenMP ELL-SpMV:   0.4726 ms (  5.87 GFLOP/s 101.2 GB/s)
 -> time=0.4726 ms | 5.87 GFLOP/s | 101.2 GB/s | check=PASS


==============================================================================
 [236/248]  heart1  |  OpenMP ELL | threads=4 | schedule=static (irrelevant for nnz) | partition=nnz
 $ OMP_NUM_THREADS=4 ./spmv-omp-ell matrices/heart1.mtx --threads=4 --schedule=static --partition=nnz
==============================================================================
Reading sparse matrix from file (matrices/heart1.mtx): done

file=matrices/heart1.mtx rows=3557 cols=3557 nonzeros=1387773 max_row_len=1120
threads=4 schedule=static partition=nnz
storage: CSR 11.12 MB, ELL 31.87 MB (ELL/CSR = 2.87), padding 65.2%
correctness vs sequential CSR: PASS (relative L2 error 0.000e+00)
	Performing 800 iterations
	benchmarking OpenMP ELL-SpMV:   0.5004 ms (  5.55 GFLOP/s  95.6 GB/s)
 -> time=0.5004 ms | 5.55 GFLOP/s | 95.6 GB/s | check=PASS


==============================================================================
 [237/248]  heart1  |  OpenMP ELL | threads=8 | schedule=static | partition=row
 $ OMP_NUM_THREADS=8 ./spmv-omp-ell matrices/heart1.mtx --threads=8 --schedule=static --partition=row
==============================================================================
Reading sparse matrix from file (matrices/heart1.mtx): done

file=matrices/heart1.mtx rows=3557 cols=3557 nonzeros=1387773 max_row_len=1120
threads=8 schedule=static partition=row
storage: CSR 11.12 MB, ELL 31.87 MB (ELL/CSR = 2.87), padding 65.2%
correctness vs sequential CSR: PASS (relative L2 error 0.000e+00)
	Performing 800 iterations
	benchmarking OpenMP ELL-SpMV:   0.2385 ms ( 11.64 GFLOP/s 200.5 GB/s)
 -> time=0.2385 ms | 11.64 GFLOP/s | 200.5 GB/s | check=PASS


==============================================================================
 [238/248]  heart1  |  OpenMP ELL | threads=8 | schedule=dynamic,16 | partition=row
 $ OMP_NUM_THREADS=8 ./spmv-omp-ell matrices/heart1.mtx --threads=8 --schedule=dynamic,16 --partition=row
==============================================================================
Reading sparse matrix from file (matrices/heart1.mtx): done

file=matrices/heart1.mtx rows=3557 cols=3557 nonzeros=1387773 max_row_len=1120
threads=8 schedule=dynamic,16 partition=row
storage: CSR 11.12 MB, ELL 31.87 MB (ELL/CSR = 2.87), padding 65.2%
correctness vs sequential CSR: PASS (relative L2 error 0.000e+00)
	Performing 800 iterations
	benchmarking OpenMP ELL-SpMV:   0.2445 ms ( 11.35 GFLOP/s 195.6 GB/s)
 -> time=0.2445 ms | 11.35 GFLOP/s | 195.6 GB/s | check=PASS


==============================================================================
 [239/248]  heart1  |  OpenMP ELL | threads=8 | schedule=dynamic,64 | partition=row
 $ OMP_NUM_THREADS=8 ./spmv-omp-ell matrices/heart1.mtx --threads=8 --schedule=dynamic,64 --partition=row
==============================================================================
Reading sparse matrix from file (matrices/heart1.mtx): done

file=matrices/heart1.mtx rows=3557 cols=3557 nonzeros=1387773 max_row_len=1120
threads=8 schedule=dynamic,64 partition=row
storage: CSR 11.12 MB, ELL 31.87 MB (ELL/CSR = 2.87), padding 65.2%
correctness vs sequential CSR: PASS (relative L2 error 0.000e+00)
	Performing 800 iterations
	benchmarking OpenMP ELL-SpMV:   0.2415 ms ( 11.49 GFLOP/s 198.0 GB/s)
 -> time=0.2415 ms | 11.49 GFLOP/s | 198.0 GB/s | check=PASS


==============================================================================
 [240/248]  heart1  |  OpenMP ELL | threads=8 | schedule=dynamic,256 | partition=row
 $ OMP_NUM_THREADS=8 ./spmv-omp-ell matrices/heart1.mtx --threads=8 --schedule=dynamic,256 --partition=row
==============================================================================
Reading sparse matrix from file (matrices/heart1.mtx): done

file=matrices/heart1.mtx rows=3557 cols=3557 nonzeros=1387773 max_row_len=1120
threads=8 schedule=dynamic,256 partition=row
storage: CSR 11.12 MB, ELL 31.87 MB (ELL/CSR = 2.87), padding 65.2%
correctness vs sequential CSR: PASS (relative L2 error 0.000e+00)
	Performing 800 iterations
	benchmarking OpenMP ELL-SpMV:   0.2741 ms ( 10.13 GFLOP/s 174.5 GB/s)
 -> time=0.2741 ms | 10.13 GFLOP/s | 174.5 GB/s | check=PASS


==============================================================================
 [241/248]  heart1  |  OpenMP ELL | threads=8 | schedule=guided | partition=row
 $ OMP_NUM_THREADS=8 ./spmv-omp-ell matrices/heart1.mtx --threads=8 --schedule=guided --partition=row
==============================================================================
Reading sparse matrix from file (matrices/heart1.mtx): done

file=matrices/heart1.mtx rows=3557 cols=3557 nonzeros=1387773 max_row_len=1120
threads=8 schedule=guided partition=row
storage: CSR 11.12 MB, ELL 31.87 MB (ELL/CSR = 2.87), padding 65.2%
correctness vs sequential CSR: PASS (relative L2 error 0.000e+00)
	Performing 800 iterations
	benchmarking OpenMP ELL-SpMV:   0.2392 ms ( 11.61 GFLOP/s 199.9 GB/s)
 -> time=0.2392 ms | 11.61 GFLOP/s | 199.9 GB/s | check=PASS


==============================================================================
 [242/248]  heart1  |  OpenMP ELL | threads=8 | schedule=static (irrelevant for nnz) | partition=nnz
 $ OMP_NUM_THREADS=8 ./spmv-omp-ell matrices/heart1.mtx --threads=8 --schedule=static --partition=nnz
==============================================================================
Reading sparse matrix from file (matrices/heart1.mtx): done

file=matrices/heart1.mtx rows=3557 cols=3557 nonzeros=1387773 max_row_len=1120
threads=8 schedule=static partition=nnz
storage: CSR 11.12 MB, ELL 31.87 MB (ELL/CSR = 2.87), padding 65.2%
correctness vs sequential CSR: PASS (relative L2 error 0.000e+00)
	Performing 800 iterations
	benchmarking OpenMP ELL-SpMV:   0.2700 ms ( 10.28 GFLOP/s 177.1 GB/s)
 -> time=0.2700 ms | 10.28 GFLOP/s | 177.1 GB/s | check=PASS


==============================================================================
 [243/248]  heart1  |  OpenMP ELL | threads=16 | schedule=static | partition=row
 $ OMP_NUM_THREADS=16 ./spmv-omp-ell matrices/heart1.mtx --threads=16 --schedule=static --partition=row
==============================================================================
Reading sparse matrix from file (matrices/heart1.mtx): done

file=matrices/heart1.mtx rows=3557 cols=3557 nonzeros=1387773 max_row_len=1120
threads=16 schedule=static partition=row
storage: CSR 11.12 MB, ELL 31.87 MB (ELL/CSR = 2.87), padding 65.2%
correctness vs sequential CSR: PASS (relative L2 error 0.000e+00)
	Performing 800 iterations
	benchmarking OpenMP ELL-SpMV:   0.1419 ms ( 19.56 GFLOP/s 337.1 GB/s)
 -> time=0.1419 ms | 19.56 GFLOP/s | 337.1 GB/s | check=PASS


==============================================================================
 [244/248]  heart1  |  OpenMP ELL | threads=16 | schedule=dynamic,16 | partition=row
 $ OMP_NUM_THREADS=16 ./spmv-omp-ell matrices/heart1.mtx --threads=16 --schedule=dynamic,16 --partition=row
==============================================================================
Reading sparse matrix from file (matrices/heart1.mtx): done

file=matrices/heart1.mtx rows=3557 cols=3557 nonzeros=1387773 max_row_len=1120
threads=16 schedule=dynamic,16 partition=row
storage: CSR 11.12 MB, ELL 31.87 MB (ELL/CSR = 2.87), padding 65.2%
correctness vs sequential CSR: PASS (relative L2 error 0.000e+00)
	Performing 800 iterations
	benchmarking OpenMP ELL-SpMV:   0.1422 ms ( 19.52 GFLOP/s 336.3 GB/s)
 -> time=0.1422 ms | 19.52 GFLOP/s | 336.3 GB/s | check=PASS


==============================================================================
 [245/248]  heart1  |  OpenMP ELL | threads=16 | schedule=dynamic,64 | partition=row
 $ OMP_NUM_THREADS=16 ./spmv-omp-ell matrices/heart1.mtx --threads=16 --schedule=dynamic,64 --partition=row
==============================================================================
Reading sparse matrix from file (matrices/heart1.mtx): done

file=matrices/heart1.mtx rows=3557 cols=3557 nonzeros=1387773 max_row_len=1120
threads=16 schedule=dynamic,64 partition=row
storage: CSR 11.12 MB, ELL 31.87 MB (ELL/CSR = 2.87), padding 65.2%
correctness vs sequential CSR: PASS (relative L2 error 0.000e+00)
	Performing 800 iterations
	benchmarking OpenMP ELL-SpMV:   0.1530 ms ( 18.14 GFLOP/s 312.6 GB/s)
 -> time=0.1530 ms | 18.14 GFLOP/s | 312.6 GB/s | check=PASS


==============================================================================
 [246/248]  heart1  |  OpenMP ELL | threads=16 | schedule=dynamic,256 | partition=row
 $ OMP_NUM_THREADS=16 ./spmv-omp-ell matrices/heart1.mtx --threads=16 --schedule=dynamic,256 --partition=row
==============================================================================
Reading sparse matrix from file (matrices/heart1.mtx): done

file=matrices/heart1.mtx rows=3557 cols=3557 nonzeros=1387773 max_row_len=1120
threads=16 schedule=dynamic,256 partition=row
storage: CSR 11.12 MB, ELL 31.87 MB (ELL/CSR = 2.87), padding 65.2%
correctness vs sequential CSR: PASS (relative L2 error 0.000e+00)
	Performing 800 iterations
	benchmarking OpenMP ELL-SpMV:   0.1595 ms ( 17.41 GFLOP/s 299.9 GB/s)
 -> time=0.1595 ms | 17.41 GFLOP/s | 299.9 GB/s | check=PASS


==============================================================================
 [247/248]  heart1  |  OpenMP ELL | threads=16 | schedule=guided | partition=row
 $ OMP_NUM_THREADS=16 ./spmv-omp-ell matrices/heart1.mtx --threads=16 --schedule=guided --partition=row
==============================================================================
Reading sparse matrix from file (matrices/heart1.mtx): done

file=matrices/heart1.mtx rows=3557 cols=3557 nonzeros=1387773 max_row_len=1120
threads=16 schedule=guided partition=row
storage: CSR 11.12 MB, ELL 31.87 MB (ELL/CSR = 2.87), padding 65.2%
correctness vs sequential CSR: PASS (relative L2 error 0.000e+00)
	Performing 800 iterations
	benchmarking OpenMP ELL-SpMV:   0.1394 ms ( 19.91 GFLOP/s 343.0 GB/s)
 -> time=0.1394 ms | 19.91 GFLOP/s | 343.0 GB/s | check=PASS


==============================================================================
 [248/248]  heart1  |  OpenMP ELL | threads=16 | schedule=static (irrelevant for nnz) | partition=nnz
 $ OMP_NUM_THREADS=16 ./spmv-omp-ell matrices/heart1.mtx --threads=16 --schedule=static --partition=nnz
==============================================================================
Reading sparse matrix from file (matrices/heart1.mtx): done

file=matrices/heart1.mtx rows=3557 cols=3557 nonzeros=1387773 max_row_len=1120
threads=16 schedule=static partition=nnz
storage: CSR 11.12 MB, ELL 31.87 MB (ELL/CSR = 2.87), padding 65.2%
correctness vs sequential CSR: PASS (relative L2 error 0.000e+00)
	Performing 800 iterations
	benchmarking OpenMP ELL-SpMV:   0.1913 ms ( 14.51 GFLOP/s 250.0 GB/s)
 -> time=0.1913 ms | 14.51 GFLOP/s | 250.0 GB/s | check=PASS


##############################################################################
#  SUMMARY   (matrices: ecology2 atmosmodd lp_wood1p heart1 )
##############################################################################
  cores available at run time: 16   (thread counts above this are oversubscribed -> treat with care)


==============================================================================
 PREDICT STEP: row-length statistics, format footprint, modelled imbalance
 (computed directly from the .mtx files; symmetric files are expanded;
  4-byte values + 4-byte indices;  imbalance model uses T=8 threads)
==============================================================================
matrix             m         n        nnz     avg      K    K/avg    CSR_bytes    ELL_bytes  ELL/CSR     pad%    rowImb    nnzImb  predict
ecology2      999999    999999    4995991    5.00      5     1.00     43967928     39999960     0.91     0.1%     1.000     1.000  ELL
atmosmodd    1270432   1270432    8814880    6.94      7     1.01     75600772     71144192     0.94     0.9%     1.005     1.000  ELL
lp_wood1p        244      2595      70216  287.77   2592     9.01       562708      5059584     8.99    88.9%     2.220     1.051  CSR
heart1          3557      3557    1387773  390.15   1120     2.87     11116416     31870720     2.87    65.2%     1.230     1.002  CSR

 rowImb = max/avg nnz per thread under schedule(static), row-based split (1.00 = perfect)
 nnzImb = same under an nnz-balanced contiguous split (model)
 predict: ELL if K/avg <= 1.5 else CSR (simple heuristic -- justify/refine in the report)

 Program-reported storage (from the sequential ELL run, to cross-check the table above):
   --- atmosmodd
   file=matrices/atmosmodd.mtx rows=1270432 cols=1270432 nonzeros=8814880 max_row_len=7
   storage: COO 105.78 MB, CSR 75.60 MB, ELL 71.14 MB (ELL/CSR = 0.94)
   padding: 78144 of 8893024 slots are explicit zeros (0.9%)
   --- ecology2
   file=matrices/ecology2.mtx rows=999999 cols=999999 nonzeros=4995991 max_row_len=5
   storage: COO 59.95 MB, CSR 43.97 MB, ELL 40.00 MB (ELL/CSR = 0.91)
   padding: 4004 of 4999995 slots are explicit zeros (0.1%)
   --- heart1
   file=matrices/heart1.mtx rows=3557 cols=3557 nonzeros=1387773 max_row_len=1120
   storage: COO 16.65 MB, CSR 11.12 MB, ELL 31.87 MB (ELL/CSR = 2.87)
   padding: 2596067 of 3983840 slots are explicit zeros (65.2%)
   --- lp_wood1p
   file=matrices/lp_wood1p.mtx rows=244 cols=2595 nonzeros=70216 max_row_len=2592
   storage: COO 0.84 MB, CSR 0.56 MB, ELL 5.06 MB (ELL/CSR = 8.99)
   padding: 562232 of 632448 slots are explicit zeros (88.9%)


==============================================================================
 [1] WINNER PER MATRIX  (best OpenMP config at 8 threads vs sequential)  -- report 2d
==============================================================================
matrix      csr-seq ms  ell-seq ms |  best csr-omp (sched/part)     |  best ell-omp (sched/part)     | winner   margin
ecology2        2.2796      1.9186 |        0.3232 static/row       |        0.2618 static/row       | ELL       1.23x
atmosmodd       3.5380      3.1856 |        0.5318 static/row       |        0.4560 static/row       | ELL       1.17x
lp_wood1p       0.0327      0.3016 |        0.0073 nnz              |        0.0416 static/row       | CSR       5.70x
heart1          0.6146      1.8703 |        0.0815 guided/row       |        0.2385 static/row       | CSR       2.93x


==============================================================================
 [2] THROUGHPUT of the best configs at 8 threads  -- report 2e(b)
     NOTE: for ELL the GB/s figure includes padding traffic; GFLOP/s counts only useful flops.
==============================================================================
matrix     | csr-seq GF/s  GB/s  | ell-seq GF/s  GB/s  | csr-omp GF/s  GB/s  | ell-omp GF/s  GB/s 
ecology2   |      4.38      29.8 |      5.21      33.4 |     30.92     210.3 |     38.17     244.5
atmosmodd  |      4.98      32.8 |      5.53      35.1 |     33.15     218.0 |     38.66     245.2
lp_wood1p  |      4.30      25.8 |      0.47      25.2 |     19.29     116.0 |      3.37     182.4
heart1     |      4.52      27.1 |      1.48      25.6 |     34.07     204.8 |     11.64     200.5


==============================================================================
 [3] LOAD BALANCING at 8 threads: row vs nnz partition x schedule -- report 2c
     nnz partitioning is schedule-independent, so it is a single row per kernel
==============================================================================

 -- ecology2 / csr-omp
    partition / schedule       time ms (vs static/row)
    row / static                       0.3232 (1.00x)
    row / dynamic,16                   2.5291 (0.13x)
    row / dynamic,64                   1.0673 (0.30x)
    row / dynamic,256                  0.5912 (0.55x)
    row / guided                       0.3385 (0.95x)
    nnz / (any schedule)               0.7420 (0.44x)

 -- ecology2 / ell-omp
    partition / schedule       time ms (vs static/row)
    row / static                       0.2618 (1.00x)
    row / dynamic,16                   2.5324 (0.10x)
    row / dynamic,64                   0.9144 (0.29x)
    row / dynamic,256                  0.5147 (0.51x)
    row / guided                       0.2658 (0.98x)
    nnz / (any schedule)               0.7146 (0.37x)

 -- atmosmodd / csr-omp
    partition / schedule       time ms (vs static/row)
    row / static                       0.5318 (1.00x)
    row / dynamic,16                   6.0325 (0.09x)
    row / dynamic,64                   2.1040 (0.25x)
    row / dynamic,256                  0.9117 (0.58x)
    row / guided                       0.5340 (1.00x)
    nnz / (any schedule)               1.1160 (0.48x)

 -- atmosmodd / ell-omp
    partition / schedule       time ms (vs static/row)
    row / static                       0.4560 (1.00x)
    row / dynamic,16                   5.1971 (0.09x)
    row / dynamic,64                   1.7651 (0.26x)
    row / dynamic,256                  0.8112 (0.56x)
    row / guided                       0.4739 (0.96x)
    nnz / (any schedule)               1.0248 (0.44x)

 -- lp_wood1p / csr-omp
    partition / schedule       time ms (vs static/row)
    row / static                       0.0118 (1.00x)
    row / dynamic,16                   0.0085 (1.39x)
    row / dynamic,64                   0.0156 (0.76x)
    row / dynamic,256                  0.0347 (0.34x)
    row / guided                       0.0075 (1.57x)
    nnz / (any schedule)               0.0073 (1.62x)

 -- lp_wood1p / ell-omp
    partition / schedule       time ms (vs static/row)
    row / static                       0.0416 (1.00x)
    row / dynamic,16                   0.0434 (0.96x)
    row / dynamic,64                   0.0814 (0.51x)
    row / dynamic,256                  0.3039 (0.14x)
    row / guided                       0.0422 (0.99x)
    nnz / (any schedule)               0.0652 (0.64x)

 -- heart1 / csr-omp
    partition / schedule       time ms (vs static/row)
    row / static                       0.0987 (1.00x)
    row / dynamic,16                   0.0840 (1.17x)
    row / dynamic,64                   0.0873 (1.13x)
    row / dynamic,256                  0.1011 (0.98x)
    row / guided                       0.0815 (1.21x)
    nnz / (any schedule)               0.0820 (1.20x)

 -- heart1 / ell-omp
    partition / schedule       time ms (vs static/row)
    row / static                       0.2385 (1.00x)
    row / dynamic,16                   0.2445 (0.98x)
    row / dynamic,64                   0.2415 (0.99x)
    row / dynamic,256                  0.2741 (0.87x)
    row / guided                       0.2392 (1.00x)
    nnz / (any schedule)               0.2700 (0.88x)


==============================================================================
 [4] STRONG SCALING: S(t)=T1/Tt and E(t)=S/t (cell = S/E%)  -- report 2d
==============================================================================

 -- ecology2 / csr-omp
    schedule       part            t=1           t=2           t=4           t=8          t=16
    static         row       1.00/100%     2.05/102%     4.03/101%      7.77/97%     11.94/75%
    dynamic,16     row       1.00/100%      0.29/15%      0.52/13%      1.07/13%      1.60/10%
    dynamic,64     row       1.00/100%      0.81/40%      1.28/32%      2.49/31%      4.07/25%
    dynamic,256    row       1.00/100%      1.14/57%      2.36/59%      4.39/55%      7.12/44%
    guided         row       1.00/100%     2.13/106%     4.06/102%      7.45/93%     10.18/64%
    (any)          nnz       1.00/100%      1.72/86%      2.58/65%      3.42/43%      3.81/24%

 -- ecology2 / ell-omp
    schedule       part            t=1           t=2           t=4           t=8          t=16
    static         row       1.00/100%     2.08/104%     4.02/101%      7.84/98%     12.20/76%
    dynamic,16     row       1.00/100%      0.23/12%      0.40/10%      0.85/11%       1.26/8%
    dynamic,64     row       1.00/100%      0.67/33%      1.15/29%      2.27/28%      3.76/23%
    dynamic,256    row       1.00/100%      1.04/52%      2.18/54%      4.07/51%      6.73/42%
    guided         row       1.00/100%     2.05/103%     4.04/101%      7.62/95%      9.39/59%
    (any)          nnz       1.00/100%      1.66/83%      2.45/61%      3.20/40%      3.68/23%

 -- atmosmodd / csr-omp
    schedule       part            t=1           t=2           t=4           t=8          t=16
    static         row       1.00/100%      1.93/96%      3.63/91%      6.75/84%      9.74/61%
    dynamic,16     row       1.00/100%      0.31/16%      0.42/11%       0.67/8%       1.23/8%
    dynamic,64     row       1.00/100%      0.68/34%      1.08/27%      1.85/23%      3.01/19%
    dynamic,256    row       1.00/100%      1.18/59%      2.39/60%      4.33/54%      6.58/41%
    guided         row       1.00/100%      1.89/95%      3.66/92%      6.71/84%      8.18/51%
    (any)          nnz       1.00/100%      1.69/84%      2.63/66%      3.46/43%      4.12/26%

 -- atmosmodd / ell-omp
    schedule       part            t=1           t=2           t=4           t=8          t=16
    static         row       1.00/100%      1.95/97%      3.64/91%      6.83/85%     10.08/63%
    dynamic,16     row       1.00/100%      0.27/13%      0.39/10%       0.66/8%       1.23/8%
    dynamic,64     row       1.00/100%      0.68/34%      1.14/29%      1.81/23%      2.87/18%
    dynamic,256    row       1.00/100%      1.08/54%      2.23/56%      3.95/49%      6.30/39%
    guided         row       1.00/100%      1.82/91%      3.67/92%      6.51/81%      7.90/49%
    (any)          nnz       1.00/100%      1.63/81%      2.45/61%      3.41/43%      3.84/24%

 -- lp_wood1p / csr-omp
    schedule       part            t=1           t=2           t=4           t=8          t=16
    static         row       1.00/100%      1.44/72%      1.93/48%      2.75/34%      3.61/23%
    dynamic,16     row       1.00/100%      1.69/84%      2.74/69%      3.87/48%      4.22/26%
    dynamic,64     row       1.00/100%      1.54/77%      2.07/52%      2.10/26%      1.93/12%
    dynamic,256    row       1.00/100%      0.97/49%      0.97/24%      0.94/12%       0.94/6%
    guided         row       1.00/100%      1.79/89%      3.11/78%      4.36/55%      4.30/27%
    (any)          nnz       1.00/100%      1.78/89%      3.00/75%      4.44/55%      6.35/40%

 -- lp_wood1p / ell-omp
    schedule       part            t=1           t=2           t=4           t=8          t=16
    static         row       1.00/100%      1.99/99%      3.88/97%      7.31/91%     12.16/76%
    dynamic,16     row       1.00/100%      1.89/94%      3.70/92%      7.01/88%     11.94/75%
    dynamic,64     row       1.00/100%      1.90/95%      3.69/92%      3.74/47%      3.65/23%
    dynamic,256    row       1.00/100%      1.00/50%      1.00/25%      0.99/12%       0.99/6%
    guided         row       1.00/100%      1.97/98%      3.82/96%      7.16/89%     11.36/71%
    (any)          nnz       1.00/100%      1.36/68%      2.70/67%      4.65/58%      7.66/48%

 -- heart1 / csr-omp
    schedule       part            t=1           t=2           t=4           t=8          t=16
    static         row       1.00/100%     2.00/100%      3.76/94%      6.21/78%     11.28/70%
    dynamic,16     row       1.00/100%      1.88/94%      3.72/93%      7.30/91%     10.34/65%
    dynamic,64     row       1.00/100%      1.94/97%      3.74/93%      6.96/87%     10.30/64%
    dynamic,256    row       1.00/100%      1.93/96%      3.35/84%      6.01/75%      9.79/61%
    guided         row       1.00/100%      1.98/99%      3.90/98%      7.45/93%     11.44/71%
    (any)          nnz       1.00/100%      1.98/99%      3.91/98%      7.39/92%     12.44/78%

 -- heart1 / ell-omp
    schedule       part            t=1           t=2           t=4           t=8          t=16
    static         row       1.00/100%      1.98/99%      3.96/99%      7.82/98%     13.14/82%
    dynamic,16     row       1.00/100%      1.95/98%      3.89/97%      7.66/96%     13.16/82%
    dynamic,64     row       1.00/100%      1.99/99%      3.96/99%      7.80/98%     12.32/77%
    dynamic,256    row       1.00/100%     1.99/100%      3.48/87%      6.84/86%     11.76/74%
    guided         row       1.00/100%     1.99/100%      3.96/99%      7.82/98%     13.43/84%
    (any)          nnz       1.00/100%     2.00/100%      3.77/94%      6.98/87%      9.85/62%


==============================================================================
 [5] PROBLEMS (any run whose check is not PASS/base)
==============================================================================
  none: all runs PASSed.


------------------------------------------------------------------------------
 Map to report:  2b <- [predict table]   2c <- [3]   2d <- [1],[4]   2e(b) <- [2]   2e(d) <- predict vs [1]
 Raw data: results/results.tsv   |   full log: results/run_all.log
------------------------------------------------------------------------------
